Supplier Id,Invoice Id,Invoice Date,Invoice Amount,Terms,Payment Date,Payment Amount
supplier_1,32ABF97E-FC8C-42BD-9953-0703630DF049,2020-06-14,4100.36,120,2020-10-12,4012.36
supplier_1,8561F1CD-2B79-446F-AFA3-7D9E2321E66B,2020-04-06,1726.22,90,2020-07-05,1652.22
supplier_2,998AA633-8DD7-463A-8367-6619637C4E82,2020-05-06,366.9,30,,
supplier_2,5181F0FD-79A7-4C74-8AD4-7FB7098F27F3,2020-03-24,3605.66,120,,
supplier_2,472E907A-3B46-47D6-BF54-199FDE7CACAF,2020-05-10,2037.23,120,,
supplier_2,7A9B6540-C832-45C5-82F4-15D86E3C4180,2020-03-28,538.81,90,2020-06-26,538.81
supplier_9,90B8A5FF-1892-496B-BBBE-0636048709FF,2020-05-13,1628.89,60,,
supplier_10,BC192429-4DDC-4209-A391-F82E9DCC19A9,2020-03-31,2686.47,30,,
supplier_7,8E74BED1-D7C0-4655-A528-0C9B67102C31,2020-05-28,9208.95,90,,
supplier_8,1936AE64-2407-413D-975B-7FACC6004DEA,2020-04-15,1875.53,60,,
supplier_8,A9B125D9-8E07-4AC8-998C-413B15722048,2020-06-01,1658.10,30,,
supplier_8,14316FBD-9A2A-4B21-B8A9-2F5FBB358CDC,2020-04-19,69.68,120,,
supplier_8,944DA6C8-C24F-4F6F-8830-A85CEA0D1744,2020-06-05,2306.25,90,,
supplier_8,A648AA4B-66F6-41A6-9E0B-C4561E5771BF,2020-04-23,3051.82,60,,
supplier_8,AA9853DA-0CA9-4AF9-A6D5-7EAC139062E7,2020-06-09,924.40,30,,
supplier_8,F387EABA-9C9A-4CEF-AD0A-01F7F5DB0FA7,2020-05-05,4120.97,120,2020-09-02,4120.97
supplier_5,6B7AE45A-A258-4368-8BB3-D39056180E6D,2020-06-12,1231.6,120,,
supplier_5,46BE9030-C4D1-467E-9A92-22D3E204A29C,2020-04-30,2059.63,90,,
supplier_5,A47B8B17-A839-4E3E-B3EF-3F4A63BF2F97,2020-06-16,2.53,60,2020-08-15,2.53
supplier_11,245A9809-3F06-4D60-B273-7A6E161920F8,2020-04-25,2731.61,60,,
supplier_1,291303DE-7EE0-4B9D-A36E-C0479EEB7F33,2020-06-11,2.19,30,,
supplier_1,9AF41A73-AC31-42E5-A400-EABB6A03B31A,2020-04-29,1137.76,120,,
supplier_1,CC6F8CE3-37BA-4E9B-B264-2673A0A353BA,2020-03-25,1818.34,90,2020-06-23,1818.34
supplier_8,82D754BA-DCB3-4E68-9496-F6554846AAD2,2020-05-02,908.42,90,,
supplier_8,3A1B0406-A16E-47F2-978D-71D3C30781D8,2020-06-18,3029.0,60,,
supplier_8,A4CE5554-21E8-4D47-9214-DB00BC8BDF95,2020-05-06,215.57,30,2020-06-05,215.57
supplier_4,52378121-7148-4A20-A7C0-6C9372887F06,2020-06-14,1262.66,30,,
supplier_4,E064135C-4D7B-460C-AE01-92909C8C4AFB,2020-05-02,856.23,120,,
supplier_4,D02671C2-5E98-4045-A1A3-30BD942A5D7E,2020-06-18,2699.81,90,,
supplier_5,BB81809A-B7A2-4CC0-AD59-08A927536AA6,2020-05-13,1988.38,60,,
supplier_5,7DD65ED5-F199-45EE-8F64-9DC29FAFD027,2020-03-31,4486.96,30,,
supplier_5,71A04EB2-7805-420C-A148-5CF19A2EDBCC,2020-05-17,4514.53,120,,
supplier_6,C40A7A37-0536-475E-B5BB-4FBF2B41EA0B,2020-04-04,268.10,90,,
supplier_6,2E14566E-51CA-4EE8-AB66-420BF4B90DC1,2020-05-21,5347.68,60,,
supplier_6,CAFDC5A6-0B51-49C1-9D4A-5A45B172F7ED,2020-04-08,4945.25,30,,
supplier_6,E1C68926-9628-4980-9C17-D979DDDE9820,2020-05-25,1477.82,120,,
supplier_6,95BC59D3-3D6D-44A2-893D-F5C762619145,2020-04-20,2244.40,90,,
supplier_7,D96307A9-AFE5-4E4B-BA71-11F36B6D27D2,2020-06-06,703.97,60,,
supplier_7,2A45DADD-1D1A-493E-9C3A-43FC29563574,2020-04-24,2687.55,30,,
supplier_7,8A344078-9F71-498C-B501-9120200F1AA0,2020-06-16,3020.18,30,2020-07-16,2951.18
supplier_8,F1151E17-CEEC-4241-964E-9B8BBCFC10E8,2020-04-16,4620.4,90,,
supplier_8,78D4A7E8-18EC-494C-9B38-4990F85F72CA,2020-06-02,338.61,60,,
supplier_8,8AD1BBD5-9E6A-42B4-B1BD-781245C5C0F7,2020-04-20,1389.18,30,,
supplier_8,BDDBE366-B609-4FD2-8476-A094335022A1,2020-06-06,20.76,120,2020-10-04,20.76
supplier_4,399E1352-799C-4C7A-B636-42C819EADFF6,2020-04-15,2776.17,120,,
supplier_5,86A4930A-7DE0-44EC-AE08-61D77001285C,2020-06-09,32.74,90,,
supplier_5,7330DF1C-FDDA-461D-99D5-B3F7EB0ABB17,2020-04-27,1159.31,60,,
supplier_5,E78D5EAB-1A31-46EC-A9DE-E0BBBE1BDBA9,2020-06-13,1836.89,30,,
supplier_5,239D97B7-3452-427D-8DC1-0244AE83BE6E,2020-05-01,319.46,120,,
supplier_5,14F8D76C-D89D-4BE0-8E82-5E599FDB3610,2020-06-17,1375.4,90,,
supplier_5,3ED65D6A-FAF2-4390-8D10-4A7B799C8517,2020-05-05,8.61,60,,
supplier_5,37E4930A-215F-4AC4-87BE-79CE925A595C,2020-03-23,4586.18,30,,
supplier_5,3634EDCA-D3FC-41F7-924E-1BB2E0935446,2020-05-17,4564.76,30,,
supplier_6,461FB2BD-826E-4881-A1AE-F6F90D986983,2020-04-04,734.33,120,,
supplier_6,0C3143FB-CCA6-4F36-B570-633CC04F20F7,2020-05-21,8215.90,90,,
supplier_6,63143F2D-6569-4EA4-B01E-DFF7F49AD43D,2020-04-07,1379.48,60,,
supplier_6,7667DD5B-9FAE-42E2-AED6-B93901C6506B,2020-05-24,1511.5,30,,
supplier_6,703A9A6C-B980-4A16-81D7-9995EB99D767,2020-04-11,1815.63,120,,
supplier_6,19A3DD99-9A47-4605-88C7-F1F194E7DF7B,2020-05-28,1206.20,90,,
supplier_7,76AF117C-33D5-4110-A2F7-974EBF7E394B,2020-04-23,2040.77,60,,
supplier_8,75B81B7E-C300-48F1-AF11-4A8D797A668C,2020-06-09,541.35,30,,
supplier_8,BC39C7FC-AC29-40AA-BAE4-EEF4D768ACB2,2020-04-27,7249.92,120,,
supplier_8,A68C2078-DC87-4C26-AE81-8E527773C774,2020-06-13,896.49,90,2020-09-11,895.49
supplier_8,C57A630E-01E7-4A3D-BE1C-54E934F2314B,2020-04-13,1111.35,60,,
supplier_8,2A50E3DE-FB24-447A-8873-DF65FFF27E35,2020-05-30,2255.93,30,,
supplier_8,ECF1AD58-449E-4E40-BE61-EE30CCBFE023,2020-04-17,1309.50,120,,
supplier_9,5FB95C56-A1AF-4A34-ACA8-C2B0E0EB8E37,2020-06-03,1542.8,90,,
supplier_9,47B61BE0-0076-49D4-9756-0719D7EEDBB2,2020-04-21,2542.65,60,,
supplier_9,E4C168E2-92BE-4FB2-A325-B7E3B1D866FD,2020-06-07,542.22,30,,
supplier_9,2D3437A0-5E55-49F0-B08E-33E955E7CEA7,2020-04-25,1342.80,120,,
supplier_10,CDC6BB4A-2DBC-4D82-B26A-A2BF7492808C,2020-03-21,418.69,90,,
supplier_10,B3038E50-1534-4ED0-A47E-162A3187761D,2020-05-07,1449.26,60,,
supplier_10,C3534D5A-A58E-4DB4-853C-8B97660742F9,2020-03-25,68.84,30,,
supplier_10,8D50ADEC-0887-4110-8EC9-B3C92F470B87,2020-05-11,2117.41,120,,
supplier_10,B491D4D5-A4BC-4DE5-8122-122814E10B4E,2020-03-29,3330.99,90,,
supplier_10,291EBBAE-ED4F-492D-A127-AC85E745D12B,2020-05-14,2010.82,30,2020-06-13,2010.82
supplier_4,8A7D1995-070E-4249-829E-3339907746D8,2020-03-24,181.90,30,,
supplier_2,39A27CF0-0281-4D16-8A9B-6306116D23A7,2020-05-09,2107.74,60,,
supplier_3,CBF544E2-D206-4B1C-945E-465572AE301F,2020-03-27,3325.31,30,,
supplier_3,D4F83E84-A979-4A4C-A301-A8177635D109,2020-05-13,238.88,120,,
supplier_3,58EAFB75-1256-454B-A260-1452CA439996,2020-03-31,2968.46,90,,
supplier_3,14BFAABA-9FA1-4E62-B54A-DBF35FEF63E1,2020-05-17,3755.3,60,,
supplier_3,7F256538-A205-47F8-879B-7E8617C4FAA4,2020-04-04,684.60,30,,
supplier_3,3229B3A5-310D-4A46-8949-53971C679B02,2020-05-21,1649.18,120,,
supplier_4,F3CA9F94-219B-43C3-959E-51B13AC179EC,2020-04-08,591.78,30,,
supplier_10,E0E954C6-A287-4155-97D2-0536C704F77E,2020-04-11,1021.93,90,,
supplier_5,ED02F0C5-5A00-43E0-B8AD-3A2E74067C80,2020-05-02,1237.79,30,,
supplier_11,E74FFACD-FFD8-45A3-8472-92C841F1DBA9,2020-05-23,4722.68,30,,
supplier_3,1776306A-6DB3-4773-B2D1-138256A95F9B,2020-06-04,1212.5,90,,
supplier_3,DC3D5F22-CB04-424A-8698-F85ECD884148,2020-03-27,42.43,120,,
supplier_9,685B168B-E093-454A-89C9-9C2C14EEA03D,2020-04-26,299.29,120,,
supplier_10,6A1770EA-6B53-40F4-A4E4-9A131226B875,2020-05-25,40.96,120,,
supplier_4,7EF06DCC-0F5F-4CC5-B541-8EDF202AC097,2020-06-07,4603.10,60,,
supplier_7,594B0AE7-87A2-4208-8862-750D9D4949A5,2020-03-21,363.99,60,,
supplier_9,CA726B64-7BEC-485B-93C6-A03190042096,2020-04-11,2181.11,90,,
supplier_5,1E086EE8-164E-48F8-B812-0A1602732B67,2020-05-11,2748.46,90,,
supplier_10,B975B136-9F00-409B-8DD7-9D5E000DB922,2020-06-01,921.6,30,,
supplier_3,1FC567A7-B6E6-4D98-A352-9189CD65A1FC,2020-04-27,9149.63,120,,
supplier_4,12B3AFF8-FDD5-49EC-8396-28D8D60FF644,2020-06-13,1846.21,90,,
supplier_4,B19D0874-4263-4AD8-9257-70B6CF7AE518,2020-05-01,2745.78,60,,
supplier_4,CA36C42B-023A-4343-8EE5-D4291A3D0F5D,2020-06-17,10.36,30,,
supplier_4,14C1A6E1-A000-4A78-B424-D007C5B55D5C,2020-05-05,2276.93,30,,
supplier_4,AF279BF4-9EAF-43C9-9CFA-97968BB97430,2020-03-23,3032.50,120,,
supplier_4,B7B63781-E2D8-4AF3-A4D4-9076D4A3A71C,2020-05-09,909.8,90,,
supplier_4,65DDEE9D-D117-431D-AA7F-9FD1C52220C4,2020-04-03,1636.65,60,,
supplier_5,8169C11B-2D3F-4030-A9A6-D5A8F5D4B58F,2020-05-20,908.22,30,,
supplier_5,36DF27E6-0B5D-4EE6-BA99-F96F54E31BE8,2020-04-07,1817.80,120,,
supplier_5,81556F3D-13BB-40C4-9465-0E6E2C0B5977,2020-05-24,362.37,90,2020-08-22,362.37
supplier_1,A3F1A56F-8012-4143-B3D8-39C2643DC405,2020-04-03,899.46,90,,
supplier_1,D9B0CFE7-55EB-4F57-AD6F-72AD156BEDC3,2020-05-20,9038.3,60,,
supplier_1,E752672E-DB79-4F89-972F-C1D5E903CA8B,2020-04-07,895.61,30,2020-05-07,895.61
supplier_8,299B067B-6EE5-467E-AB67-0CE02ED103B1,2020-05-23,1806.70,120,,
supplier_9,8DF3A275-3B5A-4BEF-9B0D-F53F44AC052D,2020-04-10,3576.27,90,,
supplier_9,D3E7383B-A5D4-4B24-9201-F6DC73F5464F,2020-05-27,4059.16,90,,
supplier_9,E67C6E27-A966-4CFD-B33E-8F617966EDAF,2020-04-14,532.74,60,,
supplier_9,1FB35E92-81B8-4CA9-8B72-39E70162B0C1,2020-05-31,4437.31,30,,
supplier_9,0AB97C57-F167-4443-8C2B-ABFB5DE70207,2020-04-18,4490.88,120,,
supplier_9,D3FDEA6E-0917-4930-A64C-850BB71D91E0,2020-06-03,1174.46,90,,
supplier_9,2D982631-DD06-493E-809C-2FCF46B0E855,2020-04-29,2016.3,60,,
supplier_10,21852B7E-AAA5-452A-B174-01EF398A536C,2020-06-15,1305.61,30,,
supplier_11,BDA5D9CF-E472-4091-80A4-FC7EB48D68D1,2020-05-03,2384.18,120,,
supplier_11,64A70EA9-AD7F-4E82-84E3-87180420543F,2020-03-21,424.75,90,,
supplier_11,3ABE6C6C-6EDD-4E35-BB14-18BF7AF89491,2020-05-07,694.33,60,,
supplier_11,304BE995-A17E-4043-B63E-57AC34F62361,2020-03-25,8014.90,30,,
supplier_11,35EBEEED-5517-427A-8FD4-9A51E074F63D,2020-05-11,639.47,120,,
supplier_11,77C8FB82-FE8E-43CF-9DE5-E33931027F4A,2020-03-29,1420.5,90,,
supplier_1,55D89B53-6C7A-4228-A957-7067566CCA44,2020-05-23,1643.62,60,,
supplier_1,933CBF80-3252-4744-AEB8-BE57EB9DE954,2020-04-10,3093.20,30,,
supplier_1,6DB2B8D4-0174-4FA6-A0A8-BF61BC2B9A86,2020-05-27,243.77,120,,
supplier_1,B2737678-F946-4CD0-98BC-FF82AE828AA6,2020-04-14,2504.34,120,,
supplier_1,C16A481F-6E53-4203-A08F-7989F3C00CB8,2020-05-31,3523.92,90,,
supplier_1,5623B21D-7CE8-4E25-A73D-A2E46F6F89F7,2020-04-18,530.49,60,,
supplier_1,E0CB795E-2EFA-42C7-B3D3-15F1ED024923,2020-06-03,1533.6,30,,
supplier_2,B1B81B6E-2715-4DD5-8847-DAA828D44530,2020-04-29,135.64,120,,
supplier_2,1265E182-2717-4DAD-8E45-2394BED40B63,2020-06-15,1740.21,90,,
supplier_2,E619894A-C25E-4C67-99A4-2BA2C9E59000,2020-05-03,2440.79,60,,
supplier_3,824C4414-02D8-44DD-9B6A-CDBC16CE75EB,2020-03-21,307.36,30,,
supplier_3,46761ECC-679C-4A21-AFE5-09947EEF06CD,2020-05-07,6081.93,120,,
supplier_3,014C0AA8-68FE-49B4-841F-2E8ABC426384,2020-03-25,156.51,90,,
supplier_3,D04AF118-A090-4387-8EE8-A9AB9BF5D31F,2020-05-11,1033.40,60,,
supplier_4,616E6831-609B-45BD-9E9F-584987A39890,2020-04-06,9710.97,30,,
supplier_4,A1AA327D-E60B-4CFB-B808-F9FB433561DC,2020-05-23,2126.55,120,,
supplier_4,BAFF1AF2-A48C-475A-AB20-8EDA9D17216B,2020-04-10,2199.12,90,,
supplier_4,0E689BAE-C91A-4526-BEBF-8A4FB1B844B8,2020-05-27,285.69,60,2020-07-26,264.69
supplier_5,81C57ED7-9966-4E1D-A557-12E62421F78D,2020-03-27,754.56,30,,
supplier_5,A9230BFE-04C2-469D-9C79-CAC1214B7BDA,2020-05-13,2771.13,120,,
supplier_5,FAE04A96-71EC-4BBF-897D-1E9CFDBC8482,2020-03-31,22.70,90,,
supplier_5,FAB57950-C72F-44F0-A9C2-C56B727A1C2E,2020-05-17,926.28,60,2020-07-16,926.28
supplier_11,3676B45E-12E4-4791-AAA1-C7AD793D658B,2020-03-26,16.36,60,,
supplier_1,830643E6-EB8B-4FFD-9C23-DA499A76C145,2020-05-12,4626.94,30,,
supplier_1,602967F5-6F91-4821-8E5B-90896BDF24EB,2020-04-07,2292.51,120,,
supplier_2,BD094E73-2C7E-40CF-8AC8-FC19B5B905F1,2020-05-24,742.9,90,2020-08-22,742.9
supplier_8,8CF38377-A8B9-4522-A31E-C7BA966E9148,2020-04-02,1832.17,90,,
supplier_8,E5D0D70C-6FCF-4E8D-8D09-BBE769D49DC6,2020-05-19,939.75,60,,
supplier_8,83EF823D-DB80-4E60-8087-08787ED3297E,2020-04-06,2741.32,30,2020-05-06,2741.32
supplier_4,2CE4BA12-2806-478D-8210-04379BFAAA11,2020-05-15,186.41,30,,
supplier_4,E1BDF7D5-9D5D-45D2-90AB-31C9BABC7545,2020-04-02,5476.98,120,,
supplier_3,CA0500CF-FE55-44A2-9972-03E67BFA886F,2020-05-18,2045.82,30,,
supplier_3,F978BFD1-8F0C-4760-8504-9BB79E8E6F16,2020-04-05,2877.39,120,,
supplier_3,9A033064-D0C5-45FC-80B5-0893202A7AA6,2020-05-22,794.96,90,,
supplier_3,DCCCB2FC-F0BD-4B61-AD22-6B8180ED3E76,2020-04-09,1543.54,60,,
supplier_4,8C55068F-AD03-4075-93F3-BF3DB46BDBC9,2020-06-03,2262.11,30,,
supplier_4,F88049D9-8959-448D-92A7-9000DC46B5BF,2020-04-21,1701.68,120,,
supplier_4,CA586A8C-7646-4230-A298-571DFFE65C5B,2020-06-07,269.26,90,,
supplier_4,4929BD9C-0C7A-44D6-9842-327B05B31473,2020-04-25,3123.15,60,,
supplier_4,9257D28B-FD00-48AF-80E1-C23229C1CF4D,2020-06-11,3833.72,60,,
supplier_4,33D5CDFD-6B44-44D0-9E19-9818EF5EE5C7,2020-04-29,2209.30,30,,
supplier_4,5F39B591-1FCD-45AC-8734-BCB3C7F42674,2020-06-15,3376.87,120,,
supplier_5,E7F6D691-3AB6-4AAE-879A-972067674456,2020-05-11,431.45,90,,
supplier_5,9AB49A40-D78A-4515-A16E-7E2CFB3C8B90,2020-03-28,1459.2,60,,
supplier_5,AB654051-10F1-461B-84E4-DCAFC979EB6E,2020-05-14,76.59,30,2020-06-13,76.59
supplier_1,E0FF8BEE-44C4-464C-9DF7-97AC2BBD0331,2020-03-24,1532.68,120,,
supplier_1,33B958C4-9CC0-4253-84EC-3F59133C375B,2020-05-10,2536.26,120,,
supplier_1,535073C8-094F-4663-A85D-17D16A7FF9E1,2020-03-28,537.83,90,2020-06-26,537.83
supplier_8,9AF132E6-BC60-4D5D-A8C0-69E499B92884,2020-05-05,1900.92,60,,
supplier_9,DE3A4186-9798-4F09-8526-B3E9108905CB,2020-03-31,429.49,30,,
supplier_9,8FEE7F08-B3C9-4BBC-954C-37314C562AC8,2020-05-17,2229.7,120,,
supplier_9,F81792AD-C282-48BD-94DC-FE59B2FEF480,2020-04-04,308.64,90,,
supplier_9,CD312057-CA61-460A-805E-C2F28FB05A9E,2020-05-21,601.21,90,,
supplier_9,ACF475A1-E5BB-49B2-8EDE-6F944FCE9DA0,2020-04-08,7550.79,60,,
supplier_9,D40F8291-68D1-4CE2-A130-BE8EE5CDC0D8,2020-05-25,1046.36,30,,
supplier_9,075F2170-0FC3-48E5-9000-CC68929FE909,2020-04-11,1327.93,120,,
supplier_10,1160C264-79E6-431C-93B7-28352E5CB840,2020-06-05,1180.51,90,,
supplier_10,D25CB364-724C-4679-87D1-FFA893085C1C,2020-04-23,2861.8,60,,
supplier_10,122D77B2-0BE4-4394-99EA-3A54A7368984,2020-06-09,66.66,30,,
supplier_11,7F8A5E7D-5894-4585-844D-FA05AFF989C7,2020-04-27,1020.23,120,,
supplier_11,65FFE252-0B13-48C5-89E4-20F74521CAFF,2020-06-13,2194.80,90,,
supplier_11,83726363-02E6-4F47-9D1B-B5D1E9272E01,2020-05-01,281.38,60,,
supplier_11,5EC1401E-923F-4AD0-BD72-56817DB53B1B,2020-06-17,1134.95,30,,
supplier_1,32B9AB5B-D03C-4158-80F5-D3F0A3F68DB1,2020-05-13,213.84,120,,
supplier_1,FFEF7B26-CEFC-4581-965C-B6A38BB2D47D,2020-03-31,1189.42,90,,
supplier_1,E535CC4C-A581-413B-99F7-15B334E59888,2020-05-17,1859.99,60,,
supplier_1,696EFBF0-A4E7-4BE7-909D-B329F279FFEA,2020-04-04,1074.56,30,,
supplier_1,B7DE38EA-6F89-4A90-81C6-171E1BCF5E36,2020-05-21,2808.14,30,,
supplier_1,F5E0C372-A1F6-4595-B9B6-EC18890BCAB5,2020-04-08,53.71,120,,
supplier_1,1DA444F3-912A-488C-A6E1-43C956198FA2,2020-05-25,4703.29,90,,
supplier_1,92D5F68E-32CE-4D7E-AD41-C4E253C5939B,2020-04-20,4623.86,60,,
supplier_2,F43E3D07-7C12-4448-942A-CEC8321B03F4,2020-06-05,1263.43,30,,
supplier_2,FECFCEAA-1BBC-4CAC-B47E-72715CCEC2F5,2020-04-23,2083.1,120,,
supplier_2,2AA38F8A-4E1E-4FE5-847A-EF046A46EC29,2020-06-09,21.58,90,,
supplier_3,F194BA2F-C6B7-41D2-8096-E1DEF4754E46,2020-04-27,1550.15,60,,
supplier_3,D6A1E110-552F-4C30-B1A4-7103782B4D72,2020-06-13,2298.73,30,,
supplier_3,88492B01-5356-4645-9909-57179B08570C,2020-05-01,747.30,120,,
supplier_3,44093C8F-0EE1-41BE-B7B6-74DF21AD5588,2020-03-27,8280.88,90,,
supplier_4,8C335D36-4C03-44FC-A7BD-483E794231D6,2020-05-13,1411.45,60,,
supplier_4,283238D5-2BFD-43A1-958E-91D26F849C00,2020-03-31,1473.2,30,,
supplier_4,3EDDF94A-8892-4620-868D-B02554418942,2020-05-17,1909.60,120,2020-09-14,1909.60
supplier_11,0CA5A539-D889-4A99-8D20-26ED6B98B21D,2020-03-26,4593.69,120,,
supplier_11,D96A447D-6B06-4605-BF46-7452F0C587AD,2020-05-12,4568.26,90,,
supplier_11,745598DE-157A-46CC-BE06-9736BB0BF7AF,2020-03-30,1226.83,60,,
supplier_11,669ACDB8-FDDD-4C83-8540-083408B567C4,2020-05-24,4111.41,30,,
supplier_1,CD813820-7F46-4135-A13F-8E94DEF152E3,2020-04-11,921.98,120,,
supplier_1,2B0767F8-2599-449D-86C9-E13D538D25A2,2020-05-28,1827.55,90,,
supplier_1,0A5B5E63-57C1-4440-956E-E4E53893CD42,2020-04-15,370.13,60,2020-06-14,370.13
supplier_8,F83CFA97-187B-4E37-A3B4-167778FCBB4A,2020-05-23,2267.22,60,,
supplier_8,0D075C13-CD61-47D8-8B8E-FBEB0FC5EDB2,2020-04-10,3026.11,30,,
supplier_8,B3A8C457-954F-46A2-B5FE-0B5B4823BD20,2020-05-27,905.68,120,2020-09-24,905.68
supplier_3,BE2CF742-5EC3-470A-B38E-A277439D1D54,2020-04-13,2268.77,120,,
supplier_4,A0875A58-355F-4FF8-9A6A-6A44835805BC,2020-05-30,723.35,90,,
supplier_5,6AA2D536-6979-463D-8E02-00F18BAAA87B,2020-04-17,2719.92,60,,
supplier_5,C70F9A13-5CBF-4073-AF0B-21999C448C2D,2020-05-26,2257.75,90,,
supplier_3,AB32F7EB-9D19-4A39-8D02-EC604A020F53,2020-04-21,1315.32,60,,
supplier_3,966FA5F4-0A7A-4E96-B2B0-0402E564C642,2020-06-07,2929.90,30,,
supplier_3,6ABCF5CB-7253-4B55-9ECE-5B9284E2FDB0,2020-04-25,133.47,30,2020-05-25,133.47
supplier_10,0F900228-7532-401D-8624-F084E3664957,2020-06-02,1028.56,120,,
supplier_8,EEA5E019-9948-4849-96AE-B127A7BB89C5,2020-04-20,2845.65,120,,
supplier_6,CBCBE8EF-F9AE-488E-AD1B-AF850BA3E95A,2020-05-28,3080.22,90,,
supplier_6,B036B2BC-9779-471A-854B-5B2F8DE02878,2020-04-15,3811.80,60,,
supplier_7,599AC060-E73E-4D4D-B630-771EDCC15944,2020-06-09,541.37,30,,
supplier_7,98448B2F-BD5B-4350-92C6-7C484EF244F6,2020-04-27,1341.94,120,,
supplier_7,2A59BBBC-869A-4962-84D9-1723DDADE01D,2020-06-13,417.52,90,,
supplier_7,B7A8A1B8-61B9-44D2-8F42-00C2E27E3ACA,2020-05-01,756.9,60,,
supplier_7,D9BD88D5-9295-4142-B9BA-7DD0F4AB23BF,2020-06-17,1514.66,30,,
supplier_7,927A6A6A-A0FF-44E9-8C56-E34AB6B6AF39,2020-05-05,2113.24,120,,
supplier_7,D14CEE3A-D081-499D-BEA9-7E820A60D586,2020-03-23,3328.81,90,,
supplier_8,353D9C86-4BE9-4DDC-A181-FA4B4F2BA215,2020-05-17,239.39,90,,
supplier_8,A0DF818C-B989-4031-9F58-968CEDEE836A,2020-04-04,5742.96,60,,
supplier_8,F5C1B2E7-7EF6-419E-8088-DF5749D8737F,2020-05-21,142.53,30,,
supplier_8,B65E1D3E-0A28-4F00-9EF6-17B894507A51,2020-04-07,686.11,120,,
supplier_8,EC0A4B96-5E28-4401-AE74-8009F8492B7A,2020-05-24,1650.68,90,,
supplier_8,8C94E775-20B4-4C6D-95DB-63C193E1917F,2020-04-11,573.57,60,,
supplier_8,45E870CF-7689-47AF-A845-67634F1AA6B1,2020-05-28,1896.15,30,,
supplier_10,AF7D305E-5C56-4A76-817C-1E187DF26454,2020-04-23,58.72,120,,
supplier_10,7C8F0E15-E8E0-49E3-963D-5857FFE2968F,2020-06-09,955.30,90,,
supplier_10,E11A9037-268B-4437-AE6D-8241E164F6E6,2020-04-27,9319.87,60,,
supplier_10,D45586D5-7B3A-4D4C-A694-B90C439A1963,2020-06-13,273.44,30,,
supplier_10,26F923E1-1F49-4219-81E7-426653A1CF65,2020-05-01,1127.2,120,,
supplier_10,5FA4F196-FECE-4AB0-B748-EEBD9FD52468,2020-06-17,180.59,90,,
supplier_10,AA6EA78C-9382-462A-A6F7-579BACA5B2C1,2020-05-05,2361.16,60,,
supplier_10,5A1DCC2D-BEE5-4846-8763-38CD0352C122,2020-03-31,3088.74,30,,
supplier_11,4466C9BC-A494-40F2-91BA-39B9842263E9,2020-05-17,3809.31,120,,
supplier_11,F7A6B8D7-892B-4E81-982F-51C6CA5C7439,2020-04-04,4176.88,120,,
supplier_11,F10B930B-C867-4080-9F0D-878EB2DB4678,2020-05-21,42.46,90,,
supplier_11,E2C0B0EA-4DC8-4BCD-8D6E-5C7527DAD9B4,2020-04-08,1167.3,60,,
supplier_11,E01DEF5A-754C-4D21-BC17-081B9575B7C5,2020-05-24,1842.61,30,,
supplier_11,42A8DBCF-5D7B-4B57-9E9B-C7AD3CF96C76,2020-04-11,1252.18,120,,
supplier_11,60064D67-DA3E-4E2E-AB71-AA5A89214FE5,2020-06-05,2075.75,90,,
supplier_1,73D3C907-FA96-465F-BD0D-D9F921073B09,2020-04-23,568.33,60,,
supplier_2,BB404662-341B-41C4-BB6E-E0CCC1CD4FD1,2020-06-09,7386.90,30,,
supplier_2,F1870080-39D3-452D-B94A-B51321CC2B71,2020-04-27,643.47,120,,
supplier_2,776F0CB7-EB3A-439D-ACD7-6CED7ADB9B97,2020-06-13,3704.5,90,,
supplier_2,D95CDC2C-CED2-4881-9FA0-A93953266279,2020-05-01,4123.62,60,,
supplier_2,2367E6D9-127C-43B6-B527-0E35E8337170,2020-06-17,930.20,30,,
supplier_2,32DB8890-716C-4D6F-8BC6-A7F498BB3134,2020-05-05,1833.77,120,,
supplier_3,493BBCD9-86E9-4ACD-8456-53F29766DCC5,2020-03-31,938.34,90,,
supplier_3,6C5EFF52-304F-4DE5-9A40-53ECF00BBEFA,2020-05-17,2139.92,60,,
supplier_3,197CE2FC-0D3B-4B1B-AC6F-9EA9B0A70EF8,2020-04-04,240.49,60,,
supplier_3,30BA53F2-FA31-4F90-98AC-99F62D14480F,2020-05-21,547.38,30,,
supplier_3,072FB92F-94D9-43C4-A3C5-D3F3A781772F,2020-04-08,7280.96,120,,
supplier_3,95708368-F110-4E55-8386-D7F28BD4B2E3,2020-05-25,455.53,90,,
supplier_3,E9E6475F-0AC7-462B-80CC-8F378A1713DB,2020-04-11,1273.11,60,,
supplier_4,D4B5FDB8-16CF-422E-92EB-478AA6FB7114,2020-06-05,910.68,30,,
supplier_4,236406E5-7619-4838-B0E7-DBE58409185B,2020-04-23,2726.25,120,,
supplier_5,FF83AA49-0E93-4B71-AACE-D4EFA2AEFC67,2020-06-09,3332.83,90,,
supplier_5,05D3B163-3E4B-4726-BC86-AB166C9632A5,2020-04-27,1771.40,60,,
supplier_5,B8904C5E-C236-4F6A-9171-A7916247B40C,2020-06-13,3157.97,30,,
supplier_5,2CC78853-07B3-40A2-9598-9ECAA401331B,2020-05-01,285.55,120,,
supplier_5,600892EB-81C8-4AD0-A5DC-8AE5FEF5C5FC,2020-06-17,1350.12,90,,
supplier_6,F82BCDEC-37CE-4248-908D-11175F5BF232,2020-05-13,1988.70,60,,
supplier_6,9E32CA11-A186-435D-A0D9-33176EECA6DD,2020-03-31,1495.27,30,,
supplier_6,860003E7-2951-4E84-9FC3-D7D1B7BCCC49,2020-05-17,2257.84,120,,
supplier_6,AABCD0D2-CA00-4E3F-AC8B-24F556FF08B2,2020-04-04,160.42,90,,
supplier_6,5EE61919-B2EE-4389-83CC-EE7EFC0006F1,2020-05-21,5347.99,90,,
supplier_6,474D7C40-D414-4486-B70E-E319490CA9F3,2020-04-08,4945.56,60,,
supplier_6,31CA8903-9F47-4E82-89C5-1548522D766A,2020-05-25,886.14,30,2020-06-24,886.14
supplier_11,465509B6-D1FF-42D7-A9F0-39ED51C94101,2020-04-03,988.48,90,,
supplier_11,6F5E9025-6AE8-4DBB-BA45-AADFE5826BF2,2020-05-20,4249.6,60,,
supplier_11,D3ED3B7D-777A-4B46-9B50-3FE18DAA35EC,2020-04-06,1013.63,30,2020-05-06,1013.63
supplier_7,41569D4B-12F4-40DE-BBB9-BB544907448D,2020-05-23,2831.72,120,,
supplier_8,DE919E2F-9153-4FEF-8591-4166FC908765,2020-04-10,759.29,120,,
supplier_8,48C1912D-947A-4657-9F28-789A6B38D866,2020-05-27,7579.87,90,,
supplier_8,35C23685-8685-4564-9543-159D6B523AD6,2020-04-14,530.44,60,,
supplier_8,51F5249E-92DB-4158-9387-0C9A123747BE,2020-05-31,779.33,30,,
supplier_8,813AB5DE-E82D-4996-A841-75AF9576538B,2020-04-17,8440.91,120,,
supplier_8,1CD4C0D4-21C4-4719-A2EF-3BFFAD29B3C9,2020-06-03,1492.48,90,,
supplier_8,9C8A6C55-74AF-40BC-B18D-3FF611E513F2,2020-04-21,2509.6,60,,
supplier_10,93F68162-52CD-4524-99E2-BA54AA4F64E9,2020-06-15,2070.63,30,,
supplier_10,11613B92-0517-4F5D-9461-808E2DDB8DED,2020-05-03,3306.20,120,,
supplier_10,BDB3A18F-9DFB-496A-8C0E-C36E50E7CAF3,2020-03-21,385.78,90,,
supplier_10,F5865887-090B-4152-A65F-CB572F6B75CA,2020-05-07,732.35,60,,
supplier_10,59550AE4-6621-4C3C-8F55-DE17618B1CE1,2020-03-25,3737.92,30,,
supplier_10,41DE51FB-A083-449F-9BEE-2F9337272DC5,2020-05-11,672.50,120,,
supplier_10,004BADC5-AC06-476E-8C25-4E203D79DD5F,2020-03-29,1640.7,90,,
supplier_11,ED05E043-4289-4F30-A5C4-FEAE043DAE71,2020-05-23,220.64,60,,
supplier_11,2D009390-CB27-4A7F-9533-C2B6B542961F,2020-04-10,5646.22,30,,
supplier_11,867021F8-3B23-4007-9188-DFE671649842,2020-05-27,47.79,30,,
supplier_11,669D63BF-FB0E-45A9-B245-A6B0D7011BBE,2020-04-14,392.37,120,,
supplier_11,453542F1-1230-456A-AE57-144F56AEAB8F,2020-05-31,6507.94,90,,
supplier_11,DBC98ED1-CE27-44E6-827C-8241405B8E68,2020-04-18,525.51,60,,
supplier_11,B17D56FC-8C9A-4F05-9742-5D2732F8F91C,2020-06-03,1864.9,30,,
supplier_1,A7D35A08-C5F1-4936-9CD5-B8097C2263C2,2020-04-29,137.66,120,,
supplier_1,58A4D751-9BC6-470A-96E4-1DA745A3EFE9,2020-06-15,2340.23,90,,
supplier_2,3B37965D-E7E0-43E9-AB39-49188E1BD63E,2020-05-03,3074.81,60,,
supplier_2,44FEF158-468D-48B9-AF71-503454B14F4B,2020-03-21,249.38,30,,
supplier_2,F3324D5E-8EF5-4E20-8626-D0A61B8D6B08,2020-05-07,1108.96,120,,
supplier_2,F533F98D-8E03-4BE4-B28D-8EF504B8C022,2020-03-25,28.53,90,,
supplier_2,290463B5-753D-4253-B0A9-077FE7DDADBE,2020-05-11,1156.10,60,,
supplier_2,37DC8EAA-A021-462F-8A02-EFE591F3EABA,2020-04-06,1834.68,30,,
supplier_3,98010C4C-4232-4A13-9F17-416803C7D85D,2020-05-23,3713.57,120,,
supplier_3,AF3532E8-4029-43D7-B2CD-45F4CD20B4B9,2020-04-10,4128.14,90,,
supplier_3,697735DB-2673-4C5F-B3FF-470C23EB9EC0,2020-05-27,6.72,60,2020-07-26,6.72
supplier_10,40D27FCF-3A3A-430A-B8D9-D4D0DA187550,2020-04-05,5483.81,60,,
supplier_10,138F4E68-A70F-48CB-A437-D7C9766B5F10,2020-05-22,13.38,30,,
supplier_10,A8AA55CA-1333-4CB1-9A17-252DB55DD1A8,2020-04-09,1523.95,120,,
supplier_10,60EC432A-778A-4756-BAAD-FF92D8B91D02,2020-06-03,9112.53,90,,
supplier_11,652967E4-6524-4E13-B1E1-4C153F6EC856,2020-04-21,1827.10,60,,
supplier_11,BBD7DE7D-E70D-4624-AF21-DD110D6CB265,2020-06-07,2732.68,30,,
supplier_11,01C98096-F03D-4EB3-B26A-5A00B1A0B1E0,2020-04-25,685.25,30,,
supplier_11,78EBAAD6-33A6-4764-8015-1E5D4514AF44,2020-06-11,903.82,120,,
supplier_11,C3523C23-2192-4710-BAD4-5C39BA04DE08,2020-04-29,3019.40,90,,
supplier_11,B2500BEB-2F26-45C4-AD71-6E171D916FF4,2020-06-15,900.97,60,,
supplier_11,FA37D27B-DC32-4B4D-8101-52BA9AD95D26,2020-05-10,1629.54,30,,
supplier_1,D5D107CC-B063-4F88-9DE6-E8DF807CE055,2020-03-28,2689.12,120,,
supplier_1,259182A5-52B2-4B9B-8430-522887CFA692,2020-05-14,3616.69,90,2020-08-12,3595.69
supplier_1,F6743645-1E97-4AE5-9832-6755D677BA30,2020-06-05,3831.55,60,,
supplier_2,274E43C0-DCA5-4574-B0DF-B755F7EE7BA9,2020-05-01,735.13,30,,
supplier_2,A0E6E75D-BFDF-443F-823D-EBA94FFF1F00,2020-06-17,6748.70,120,,
supplier_2,53BCDDC0-515E-4106-949B-4E448E46EC8E,2020-05-05,645.27,90,2020-08-03,566.27
supplier_3,8C88E5AB-39CF-45EE-A1D1-15A46BEF0D31,2020-06-03,861.13,30,,
supplier_3,54A37279-39CA-44CC-A768-3AFD28141F1A,2020-04-21,2088.71,120,,
supplier_3,F881967C-D647-4BC0-96C0-EEF5B5A89162,2020-06-07,202.28,90,,
supplier_3,2B2B73CA-ED4E-4D38-BE82-5FE349283552,2020-04-25,516.85,60,,
supplier_3,D1FACF5B-8ED7-4C47-879C-ACDB123FC81B,2020-06-11,7126.43,60,,
supplier_3,EAF8FA54-F036-491B-A964-5835A3604E43,2020-04-29,417.32,30,,
supplier_3,531AB270-884D-4C88-AF79-320B732F21AB,2020-06-15,1242.90,120,,
supplier_4,4AD70428-9DA5-4C80-86B3-98F850F45C99,2020-05-10,755.47,90,,
supplier_4,077E1EFE-85FB-4514-A721-A371528E6826,2020-03-28,1766.4,60,,
supplier_4,C348E6B9-8745-4056-85E6-7017CAA57793,2020-05-14,2460.62,30,2020-06-13,2460.62
supplier_11,2AA7A4C6-FD2E-4F8F-9781-1A4EB55DD983,2020-03-23,2341.96,90,,
supplier_9,080F7B69-2933-453B-BAF6-8788DB6CFE90,2020-05-09,781.54,60,,
supplier_10,07AF5EB9-7859-41CE-97BA-5D9AADD60A7A,2020-03-27,2816.11,30,,
supplier_10,42FDA810-132D-4D81-AB4D-F39CFCF06273,2020-05-13,56.68,120,,
supplier_10,16A06F26-88F1-4864-9176-6519551B39DF,2020-03-31,4768.26,90,,
supplier_10,8DC713CB-8EB8-4462-B89D-CFBE29D6D971,2020-05-17,4655.83,60,,
supplier_10,1C2B7A9E-CD38-4BFE-96E1-572539B271D1,2020-04-04,1284.40,30,,
supplier_10,21139D3A-EC06-478B-871D-B2E0EA3D7DCB,2020-05-29,8397.98,120,,
supplier_11,4603E10D-2893-4FE1-BFFD-1850603926DF,2020-04-16,1470.55,90,,
supplier_11,4BAE86DD-987B-48FA-AB40-000E04789F17,2020-06-02,2494.13,60,,
supplier_11,ED63E67F-01A8-4D13-9784-9F5D63F4C4BA,2020-04-20,506.70,30,,
supplier_11,6CBE1974-E463-42CE-B169-E4DACCD3AEA1,2020-06-06,760.27,30,2020-07-06,681.27
supplier_1,2ACEB5A1-270D-42D4-9B98-D13E042E972E,2020-04-06,1400.13,90,,
supplier_1,D3FDBD0C-56DE-45B3-BDE8-488FE36E41CD,2020-05-23,1543.71,60,,
supplier_1,D28957F1-F12D-44CE-8159-5868F6D9CA29,2020-04-10,829.28,30,,
supplier_1,D78E96C8-5536-4418-A7CE-B7CE5946FC69,2020-05-27,1572.86,120,2020-09-24,1572.86
supplier_8,5F24724D-9A73-4074-BB84-5B089E710768,2020-04-05,662.94,120,,
supplier_8,967C7EF8-8B35-423C-982E-684A193CC1E8,2020-05-30,7856.52,90,,
supplier_9,A02507B2-5CF7-4883-A967-5FDC25B3EEB3,2020-04-17,599.9,60,,
supplier_9,CA1D01F4-7B55-4E82-93F0-4FD61408747B,2020-06-03,1388.66,30,,
supplier_9,C4D076E7-3384-4B98-A8D8-74D50C841FDD,2020-04-21,1485.56,120,,
supplier_9,AB42FE28-722E-4437-9F96-0C264C7E6974,2020-06-07,1630.13,90,,
supplier_9,883FB1C6-E225-4DB9-9BAA-0816AC790050,2020-04-25,2601.71,60,,
supplier_9,981A77C7-76EA-4C69-AA39-33C71AA1F444,2020-06-11,2346.28,30,,
supplier_9,DC883511-730A-461F-8C2D-1ADEA127A056,2020-04-29,3444.85,30,,
supplier_10,C4703D50-8296-4F07-92B1-315372A38838,2020-03-25,477.43,120,,
supplier_10,F86E8746-99B2-4FD4-9043-B0241BDCA20C,2020-05-11,1493.0,90,,
supplier_10,BDEFEA16-A8FD-4B1C-AE0F-157CE2978C60,2020-03-29,103.57,60,,
supplier_10,60D29569-3966-4339-B213-7B04BF18AFBD,2020-05-14,764.15,30,,
supplier_10,EAA56A8C-DD77-40DA-A16E-E54A94511521,2020-04-01,1367.72,120,,
supplier_10,650FA597-6666-480E-BDE7-1D6A819F20D2,2020-05-18,1380.30,90,,
supplier_11,D55E69A3-26B2-4390-820B-4AE2D9DBBDD7,2020-04-05,2961.87,60,,
supplier_1,E43EA119-87D9-42C4-9F3F-279B940C0186,2020-05-30,155.44,30,,
supplier_1,D590ED87-B4B0-49B7-8B1A-57B0B9126CC4,2020-04-17,5009.2,120,,
supplier_1,C27852E7-E51B-4FF2-828E-F7D54A525F0B,2020-06-03,4776.59,90,2020-09-01,4765.59
supplier_1,678F7E9D-3A4F-47BB-9F19-E1F539F6977B,2020-04-03,4991.45,60,,
supplier_1,74460C82-9BBE-4549-A7B1-27B854D4A65D,2020-05-20,1508.2,30,,
supplier_1,392C6D09-38FA-4178-8A94-D7B16AF78E10,2020-04-07,2267.60,120,,
supplier_1,9D71A7DF-BAC8-49E7-9CE8-B1B237DA4F67,2020-05-24,168.17,90,,
supplier_2,790ABF5C-4BFF-4AC1-AC08-592B5F709E3C,2020-04-11,5387.75,60,,
supplier_2,6D11904F-7938-4214-89D0-C41B8E8FC230,2020-05-28,2482.32,30,,
supplier_2,7CD34C65-CA62-4C2F-A632-E154E8539606,2020-04-15,894.89,120,,
supplier_2,8DC110C2-49BA-4E3B-A4E0-AFCE03C82A3A,2020-06-09,9016.47,90,,
supplier_3,FEFAFD2D-25A3-4F8A-A38F-CDC2196E7737,2020-04-27,1779.4,60,,
supplier_3,613E24EA-537A-4338-8383-000BCFBA7308,2020-06-13,1620.61,30,,
supplier_3,B03830BB-E1E1-4610-8FAB-B06365499E08,2020-05-01,2645.19,120,,
supplier_3,95E2C52C-E544-4D88-B4A8-909E0BD92D92,2020-06-17,2210.8,90,,
supplier_3,CB8A558E-13FC-44BC-B6F5-E457A5C8327B,2020-05-05,2987.66,90,,
supplier_3,3232C92D-C503-44D1-80BE-B0324E92E43D,2020-03-23,876.23,60,,
supplier_3,9BC8506D-F6F5-4991-A71A-F4F6B7C669C5,2020-05-17,4024.80,30,,
supplier_4,58917A37-7755-408A-964E-520EEE216B17,2020-04-04,864.38,120,,
supplier_4,5782E0ED-8BC2-4025-8455-5C307B1F9C46,2020-05-20,1783.95,90,,
supplier_4,6B86A01F-C956-4C35-9311-5181DCBAB5C2,2020-04-07,335.52,60,,
supplier_4,AA92E297-3439-4B9C-9924-6F9183AD4808,2020-05-24,3454.10,30,,
supplier_5,2846BF58-8FD2-4D3D-9F93-13DD19AF6163,2020-04-11,1999.67,120,,
supplier_5,0922E8A4-D5ED-4DDC-B758-8E9BF5CE1A03,2020-05-28,508.25,90,,
supplier_5,D4E48C67-26E7-48D8-A824-0744CA78C411,2020-04-15,7083.82,60,,
supplier_6,BE5DD7CF-FC89-46CD-B4F1-46BA3EFD22F0,2020-06-09,813.39,30,,
supplier_6,631C55CE-956E-427A-9C0F-EAF4A92648C8,2020-04-27,2056.97,120,,
supplier_6,4263E498-DE5F-45D1-B59A-56F1A8BA2ECD,2020-06-13,712.54,90,,
supplier_6,8D0EA31F-4BA9-432E-B362-6417C81566CE,2020-05-01,829.11,60,,
supplier_6,D87E88C3-6029-40B9-AEDB-F11792A8FECC,2020-06-17,1757.69,30,,
supplier_6,014A4460-E99B-4A87-A993-9AFC257C7B7B,2020-05-05,314.26,120,,
supplier_6,66BA89F3-304F-4E22-956C-BC26FB92FF56,2020-03-23,6116.84,120,,
supplier_7,E1415C3A-E2C7-4BAA-B648-8E9AA46D88F4,2020-05-17,2365.67,30,,
supplier_5,4E1972FE-B53C-42DA-8010-34ADBFAFF969,2020-03-26,3091.24,120,,
supplier_5,620DECA6-3079-4188-8018-8E4EC16CB9F6,2020-05-12,3816.81,90,,
supplier_5,FEB8D5F3-D483-4E2C-AAB9-022640C22505,2020-04-07,4179.39,60,,
supplier_6,3189AD41-BF0A-4E48-B3DC-095F592947FD,2020-05-24,967.96,30,2020-06-23,967.96
supplier_1,2187F461-195B-4DFE-8051-EB6DB924F9AB,2020-04-02,2088.5,30,,
supplier_1,5FFE9984-CC02-4BF5-BBC6-56AE56CC9820,2020-05-19,25.62,120,,
supplier_2,8C8CACEC-56B7-4509-81D5-6BFDDF810107,2020-04-06,1557.52,90,2020-07-05,1557.52
supplier_8,FAD1F8EA-10C8-4B64-86E1-9E932EFB39BA,2020-05-15,41.61,90,,
supplier_8,E7C05BB6-8D24-4FFA-821B-9A2B52644268,2020-04-02,1166.18,60,,
supplier_8,ACE5656C-56F7-47A8-B0E1-767BE35BD0E5,2020-05-26,1841.75,30,,
supplier_9,6BF15F07-59FA-4283-97A3-1E5B65A141FB,2020-04-13,1251.33,120,,
supplier_9,E5009612-A3F2-4331-956C-0393520ABC9E,2020-05-30,2074.90,90,,
supplier_9,DFB293FD-F5A7-4735-94B4-FD06072C0AA8,2020-04-17,14.47,60,,
supplier_10,76B6125E-0D81-4AC2-AB5B-49766A0E5A8E,2020-06-03,4614.5,30,,
supplier_10,1BBC3741-A96E-4E0F-A56B-E7FCA23AC051,2020-04-21,4578.62,120,,
supplier_10,7D8066D1-62E0-41EA-91FE-6D76057E4FEF,2020-06-07,740.19,90,,
supplier_10,FE883B92-9A2D-4FC2-A59C-3AB9AB42D481,2020-05-03,8243.77,60,,
supplier_11,73F5E2EA-0906-4B86-8F39-66298F3AEA66,2020-03-21,1393.34,30,,
supplier_11,6C49100C-286C-4EB2-BE98-C7BAF5F62C8E,2020-05-07,2443.92,120,,
supplier_11,B62CEA77-1FA6-46C4-9A48-7ED3E1F3CF96,2020-03-25,468.49,90,,
supplier_11,9D923048-EE30-4C12-BDCF-76213A0FB829,2020-05-11,1823.6,60,,
supplier_11,EFB45B4D-C8E6-435C-AF8A-A5AA139B0B62,2020-03-29,2730.64,60,,
supplier_11,01D58F67-7C34-4481-91E3-577085375EAE,2020-05-15,683.21,30,,
supplier_11,0C27FA73-67AD-48F8-806A-FDD4EAFE96F5,2020-04-02,1455.78,120,,
supplier_1,7D0285EA-FA93-44ED-8981-FE3E03D4A1E0,2020-05-27,1819.36,90,,
supplier_1,9DF9E9B8-F223-47E5-9BA7-EF60B1413D27,2020-04-13,1590.93,60,,
supplier_1,775152B1-6203-4E3B-A553-9FC821D74B14,2020-05-30,906.51,30,,
supplier_1,6A1AB890-2A3F-442A-8485-D0DEAA297FA4,2020-04-17,1340.8,120,,
supplier_2,2B5A6D86-08D7-4DFA-8640-0C24EC435EF0,2020-06-03,2408.65,90,,
supplier_2,FD892DC4-7A03-49FF-B92B-7E6E41550604,2020-04-21,441.23,60,,
supplier_2,CA163B2E-0DA0-436E-9D80-513671874F2D,2020-06-07,3155.80,30,,
supplier_3,D01E0ADF-43AF-4781-94BF-B51160F26868,2020-05-03,284.37,120,,
supplier_3,27105282-CB75-4AFE-B8CA-9042699332F6,2020-03-21,1349.27,90,,
supplier_3,0E3BB0C8-541B-44A6-B508-061F3E4248D4,2020-05-07,1987.84,60,,
supplier_3,481B0406-2404-4368-80FC-8199EFB9D942,2020-03-25,1714.42,30,,
supplier_3,48DA162D-4DBD-4840-9175-EDF5F42620A3,2020-05-11,1564.99,120,,
supplier_3,7FDB7373-BD37-423F-8B41-1D26CAF05F54,2020-03-29,160.56,90,,
supplier_3,D58D9D08-163F-4E62-8C3E-DCB6528C3DEC,2020-05-15,5343.14,90,,
supplier_4,A9F2F3C0-8580-408B-961F-0B218B0B7C2C,2020-04-10,4943.71,60,,
supplier_4,DF8D4932-E2B4-4742-B2D5-9B38A154FD23,2020-05-27,1476.28,30,,
supplier_4,E96C75FA-AC5C-4DA2-A242-4B8ECF850ED0,2020-04-14,8972.86,120,,
supplier_4,83E09EF9-6D3D-45CE-82B0-8FBDAB53B053,2020-05-30,373.43,90,,
supplier_4,ACCEBFB9-69BE-4475-9F4C-8271A7F31D87,2020-04-17,1763.1,60,,
supplier_4,755163CA-255C-4FBA-86D1-4ACEAD51EFBC,2020-06-03,2458.58,30,,
supplier_5,288CCBB4-6E85-443C-9B33-CC8E70D9B1C2,2020-04-21,2188.15,120,,
supplier_5,E131C563-7E4D-4697-B5A0-0BCC78693D16,2020-06-15,2973.73,90,,
supplier_6,0D05E012-5B8E-4882-BD6E-FCA7948B8BFA,2020-05-03,865.30,60,,
supplier_6,F7EEC06F-2891-4B7D-87E9-BAB04798FC87,2020-03-21,1601.87,30,,
supplier_6,F3D97177-6344-408F-88DD-7704C03CEB44,2020-05-07,2549.45,120,2020-09-04,2549.45
supplier_1,10B78495-47EA-4B44-BF74-2D6AA44DC62E,2020-06-14,1744.54,120,,
supplier_2,7C584511-6127-4E99-BAE8-D1F0B925980F,2020-05-02,2444.11,90,,
supplier_2,80C8B99B-8BA5-473D-88BC-8A99EC3FE792,2020-06-18,4319.68,60,,
supplier_2,037F0F82-E8B4-400A-9E25-FDB4FFDD2C93,2020-05-14,4431.26,30,2020-06-13,4354.26
supplier_2,5E9221A5-7937-42B9-8EFA-75F0391C9FEF,2020-06-05,4646.12,120,,
supplier_2,DDDBF859-1C89-417D-A4CC-FA8CB21EB6B4,2020-04-22,1278.69,90,,
supplier_2,E884F3BF-9BA1-4F35-9D1F-10459E4B7971,2020-06-16,2094.27,60,,
supplier_3,E196918B-C494-4B18-A42D-11C2191D752F,2020-05-04,1461.84,30,2020-06-03,1426.84
supplier_3,81DBD190-5BE5-4A5E-A96D-FAF3AC8AE161,2020-05-26,670.2,90,,
supplier_3,1E7CA7CE-3A51-40C2-9395-3C866A15D087,2020-04-21,2631.59,90,,
supplier_4,4831D48A-DBB0-4240-A3AA-685B49EC97D3,2020-06-07,609.17,60,,
supplier_4,70C8F1B8-9849-4CA6-B58D-E98860CA086E,2020-04-25,1396.74,30,2020-05-25,1396.74
supplier_11,C383F840-53E3-4A35-8AE8-85BE8541E45F,2020-06-02,486.83,120,,
supplier_11,B0E52CFC-5E85-4D05-9411-F5EE54445984,2020-04-20,4208.40,90,,
supplier_9,3C1E8CB7-AF98-4260-AB91-F402407FDA37,2020-06-05,1863.23,30,,
supplier_9,A01ED206-72DC-475E-9B40-C51C57537325,2020-04-23,33.81,120,,
supplier_9,052290CB-DEE3-4219-BD84-17C75D1D6666,2020-06-09,954.38,90,,
supplier_10,D01C2578-24E8-40CB-A9A7-A3DD40F5D7B9,2020-04-27,2150.95,60,,
supplier_10,EDD88D78-EC32-4101-BECA-F1046FA2AD99,2020-06-13,248.53,30,,
supplier_10,6E5ED7C7-7D04-4DF7-B560-3DDBB745D797,2020-05-01,1107.10,120,,
supplier_11,3CC73A5A-7F52-41CD-81E8-06AA3FC7D77E,2020-03-27,80.68,90,,
supplier_11,06B063A9-8E97-4BD0-936C-8DE687401B63,2020-05-13,1155.25,60,,
supplier_11,A373C419-75B3-4C03-AFF0-05E48B2AEE35,2020-03-31,1833.82,30,,
supplier_11,2EA3F571-F0A4-45EE-8E97-B55E68E047A3,2020-05-17,941.40,120,2020-09-14,941.40
supplier_7,3A50AD18-D9DE-42DE-9011-1E6362CE7B8E,2020-03-26,6393.49,120,,
supplier_7,83433528-FA76-40A6-8112-D1D8059102C5,2020-05-12,234.6,90,,
supplier_7,B836FCE6-97E7-49D9-9435-ED9849DA165C,2020-03-30,1095.63,60,,
supplier_8,D884E5CD-7964-45C2-9505-2BA809CE1561,2020-05-24,22.21,30,,
supplier_8,F8792168-4302-4783-9AE1-EAC4109ADC04,2020-04-11,2282.78,120,,
supplier_8,C8BD3D94-855A-4DF0-AF4C-66974A001481,2020-05-28,3036.35,90,,
supplier_8,D1FDA30B-D41F-413C-9E7D-566790778C76,2020-04-15,883.93,60,,
supplier_8,7937D7E3-BA8B-4235-A7F9-123647FFB36A,2020-06-01,2713.50,30,,
supplier_8,D1813255-B158-4E00-AD2A-B76FD0A2B402,2020-04-19,2492.8,30,,
supplier_8,B2F6AB93-584E-4FDC-B531-C298049EFD12,2020-06-05,902.65,120,,
supplier_8,B8B69171-89DB-4FB7-9AC8-36A6F8694AFF,2020-05-01,9055.54,90,,
supplier_9,3F3A3C34-4060-4988-810F-0E737F962FE5,2020-06-16,899.12,60,,
supplier_9,2644A223-6A30-4B39-8CC3-B4625A624F36,2020-05-04,1628.69,30,2020-06-03,1628.69
supplier_5,088E52D2-1D3A-4622-ACCA-79CF3A935ACF,2020-06-12,165.78,120,,
supplier_5,9D8429D4-7BDF-44EC-9175-32A3AB38138D,2020-04-30,5368.35,120,,
supplier_5,F23F381F-5B22-4C45-8454-F964FEC0DC35,2020-06-16,4955.93,90,2020-09-14,4911.93
supplier_6,BF37EA01-681D-48ED-905F-40C66F0B9676,2020-04-16,171.79,30,2020-05-16,141.79
supplier_6,0FE4EA46-53CC-4CF4-8FF4-FFFB5618C583,2020-05-15,1770.65,120,,
supplier_6,4B0AEF91-E155-470F-B20C-4676919F4FEC,2020-04-02,2694.22,90,,
supplier_6,09EB999D-321C-4FDB-B658-A4530533A0AF,2020-05-19,656.79,60,,
supplier_7,725FAD01-4C59-460E-B295-5240AAF1A924,2020-04-06,2201.37,30,2020-05-06,2113.37
supplier_7,7D31D053-A741-4FCD-8323-9616BE253589,2020-05-06,1520.23,120,,
supplier_7,AEEB69F2-F87B-4291-9089-4C4DD859F247,2020-03-24,714.80,90,,
supplier_7,9492D609-1C68-4846-BAF9-3E14A00690AE,2020-05-10,979.38,60,,
supplier_7,83139FAF-0A63-45F8-858A-6ECD160B13AD,2020-03-27,1692.95,30,2020-04-26,1692.95
supplier_3,8EA8AE35-850D-4066-B40B-16DF850C44D6,2020-05-05,3913.4,120,,
supplier_3,0992E18B-A52D-47C0-A800-A90CF0916B88,2020-03-31,2114.61,120,,
supplier_4,F5ADEF40-C098-47B6-A6C5-FBF980E3639F,2020-05-17,599.19,90,,
supplier_4,716CE9FD-B2E4-4102-A0D6-0BA46DAF5967,2020-04-04,7542.76,60,,
supplier_4,46A7B165-8CEC-4FD3-A770-3A91247F7677,2020-05-21,1042.33,30,,
supplier_4,81160E44-EA62-4100-B203-49C3E8D38B13,2020-04-07,1286.91,120,,
supplier_4,84767333-AE33-4F45-A6CE-EE67EFACD9EB,2020-05-24,8404.48,90,,
supplier_4,DF3D56AB-5E84-4F23-9ED7-F745B178060B,2020-04-11,1473.5,60,,
supplier_4,4429EBEC-A86B-4D5D-9928-E62EF08A038B,2020-05-28,2496.63,30,,
supplier_6,CB0843EC-07CB-4D57-8617-E916DF86969D,2020-04-23,508.52,120,,
supplier_6,EF81D9B5-B1E6-4258-AD30-D61E61C46C6F,2020-06-09,1315.10,90,,
supplier_6,6E87F689-766A-431C-8036-B04FD2903489,2020-04-27,373.67,60,,
supplier_6,9D18E8EF-F965-4FCB-B61C-A884D04F1054,2020-06-13,723.24,30,,
supplier_6,1AA94CAD-ABB9-4FC3-B8ED-1E3DCFFE5C38,2020-05-01,1487.82,120,,
supplier_6,542C13E4-BAF6-43A5-875E-B9496579BBBD,2020-06-17,1980.39,90,,
supplier_6,2FE48DC7-57F7-44CD-B04A-0B93BC172B0D,2020-05-05,3261.96,60,,
supplier_7,7960B807-2401-4736-9CBE-125A54DB450A,2020-03-31,213.54,30,,
supplier_7,031470C1-8183-472D-8157-E922975DFB04,2020-05-17,5609.11,30,,
supplier_7,65CB7952-4A9B-4445-9FF9-3ACBF524BB46,2020-04-04,76.69,120,,
supplier_7,6EB40B78-2181-4940-BA26-E0EB66C4A9A5,2020-05-21,642.26,90,,
supplier_7,19CB54EA-ADD0-4EA5-B7BA-CB8820391E90,2020-04-08,1617.83,60,,
supplier_7,5C1E43C0-BB3C-4DE8-BF81-EDEA1C1CCBBF,2020-05-24,506.41,30,,
supplier_7,870A3667-E0A7-4474-958E-12018C4E84CF,2020-04-11,1852.98,120,,
supplier_8,768B348F-F7C2-459B-BF9C-03CA68AC957A,2020-06-05,25.55,90,,
supplier_9,3A93BBD7-BECB-4BFB-AC81-40ECD20D95C3,2020-04-23,928.13,60,,
supplier_9,FE97F829-A60C-4FF7-95E9-E7677A752690,2020-06-09,3062.70,30,,
supplier_9,4A5FDEC4-5B7B-4C38-9ECB-22A07B31C5AB,2020-04-27,240.28,120,,
supplier_9,1C06DACA-9D4C-40DE-966C-D9B84BAC95E9,2020-06-13,1100.85,30,,
supplier_7,2A2FA78F-B8F0-4AAB-B33C-DF063BC82E5D,2020-05-01,3442.68,30,,
supplier_7,DDF05C38-F19D-44B2-B5A3-CE3FAE932BB8,2020-06-17,476.25,120,,
supplier_7,6C567D8D-9839-4A9A-A323-78A656EE2CA2,2020-05-05,800.83,90,,
supplier_7,2651B843-7BFB-480E-8265-0259BB225C8A,2020-03-23,1549.40,60,,
supplier_7,74BB2AD2-5864-492C-9EF2-140BD7D7C97B,2020-05-08,2289.97,30,,
supplier_7,1915DE4B-4220-4369-9F0B-B639A133FE3A,2020-03-26,1708.55,120,,
supplier_8,7C93A00C-8191-41C3-B61B-DA9AC5850919,2020-05-20,275.12,90,,
supplier_9,2F7E3930-CAA9-4C88-864A-CDF6BD837194,2020-04-07,5919.2,60,,
supplier_9,2997CEEE-4498-4B7F-A243-89D0CCA64A12,2020-05-24,231.59,30,2020-06-23,221.59
supplier_9,D2702D04-E162-484C-981D-F4BBC222B69D,2020-03-25,446.45,120,,
supplier_9,F8E483F0-F921-4041-A0DE-3FE4BB93000D,2020-05-11,1811.2,90,,
supplier_9,AEDE23E8-02B3-4108-BEB2-3F7DDAC873CF,2020-03-28,9978.60,60,,
supplier_9,A2DB7483-FC3C-4D3D-A9A0-B6C38E65A377,2020-05-14,877.17,30,,
supplier_9,9CCA06A1-DC79-4293-98DF-B3B33A0A6A27,2020-04-01,2099.75,120,,
supplier_9,E33A80EB-500A-4A99-8CDD-0AC214436164,2020-05-18,210.32,90,,
supplier_10,6BA5414D-5A91-403C-99CB-401D835EBD4A,2020-04-05,1076.89,60,,
supplier_11,6D87B736-6291-41FE-AE96-B68B18D876A8,2020-05-30,2481.47,30,,
supplier_11,0226985E-1B0D-491B-A726-F2C29A4987CF,2020-04-17,893.4,120,,
supplier_11,6E832BC8-DFE3-4D30-896D-78AFF05AB99B,2020-06-03,9012.61,90,,
supplier_11,B2B7915E-4323-4DDA-BB07-8BE4B50A744C,2020-04-21,393.19,60,,
supplier_11,890D5335-E797-4DDB-8BD2-862031A9786B,2020-06-07,1776.76,30,,
supplier_11,148088BB-5BE9-46B0-8A61-F023E7AAE923,2020-04-25,9873.33,120,,
supplier_11,170911A4-C9FF-4C4F-99C4-E8D48A280339,2020-06-11,2208.91,90,,
supplier_11,D62E374B-FA58-4040-8A4C-4B4799652C15,2020-05-07,2986.48,90,,
supplier_1,D799C0B6-A6B6-4583-B7D0-2923D1F74BD6,2020-03-25,875.6,60,,
supplier_1,7BD22DA6-216F-45ED-B6AB-D24160C3F7C1,2020-05-11,1609.63,30,,
supplier_1,AC0E72FB-1278-4EC7-BA3B-8BB514014407,2020-03-29,862.20,120,,
supplier_1,8C4CFD09-84C4-497C-9E80-740C25ECE2E3,2020-05-14,1090.78,90,,
supplier_1,D639C818-7C81-49CB-A033-23515DCA3A38,2020-04-01,1781.35,60,,
supplier_1,395447B0-1A19-4EA3-8F62-29F50FE05B1C,2020-05-18,3450.92,30,,
supplier_2,C9F481DE-B0E6-4542-BFFD-210E2A253214,2020-04-13,3996.50,120,,
supplier_3,9C4941A3-7BB8-4292-8359-80C2B099BA0C,2020-05-30,507.7,90,,
supplier_3,54F4BEF9-B764-4D03-B7DE-B3065A5EAAC9,2020-04-17,7079.97,60,,
supplier_3,BD16479C-FF90-4B05-801E-BE801224C557,2020-06-03,811.54,30,2020-07-03,806.54
supplier_3,133AC2D1-5EA6-477E-B2C3-C5DDFF7CA9B1,2020-04-03,1026.40,120,,
supplier_3,625C96AA-AE37-4E4A-BB0C-219198D6833D,2020-05-20,2198.97,90,,
supplier_3,7A03D050-C75B-408C-9234-2D95D4DEE4F5,2020-04-07,284.55,60,,
supplier_3,CE053307-20C7-4B11-8DD3-6B11A9F943E9,2020-05-24,582.12,30,,
supplier_4,32CADFD3-DA99-4381-AB66-8899A8254D07,2020-04-11,2485.69,120,,
supplier_4,B41512D4-976F-4D84-A017-9A3865B43232,2020-05-28,500.27,90,,
supplier_4,8A3E1372-C41E-4407-AC7F-852BD5CECAF8,2020-04-15,1308.84,60,,
supplier_5,CC06E910-6354-4F3F-B2EF-27C3B73280DA,2020-06-09,1086.42,30,,
supplier_5,C98A50FC-E0E0-48A1-8699-3EC8ECFF7EC5,2020-04-27,2814.99,120,,
supplier_5,946FB583-9372-4EB8-B594-14107D9C4E5C,2020-06-13,34.56,90,,
supplier_5,F635BCFC-0CEE-49D7-9CD7-68DB230EB1E0,2020-05-01,1947.14,60,,
supplier_5,F569143C-FEDD-4D5D-977E-FEC6E534D060,2020-06-17,3245.71,30,,
supplier_5,B59D391B-497E-4D65-A2D9-E82BE64CA7FF,2020-05-05,344.28,30,,
supplier_5,5BE8D0E3-8642-465B-A236-E0EC78A4F31C,2020-03-23,2788.86,120,,
supplier_6,F272BBFC-7DC3-48FA-AFE7-F1E09C86A067,2020-05-17,39.43,90,,
supplier_6,A69E02D4-3C85-4218-B2A1-2FE66CB2C75C,2020-04-04,1165.1,60,,
supplier_6,648E9616-8815-4D7A-A0B3-3EA4DF03FEA7,2020-05-20,1841.58,30,,
supplier_6,723A874E-E7DA-45F9-8C5D-D506322C862B,2020-04-07,981.15,120,,
supplier_6,84351C8B-76C0-4C33-8E66-B7589280B242,2020-05-24,1381.73,90,,
supplier_7,A18C0692-D24A-444A-B006-961822B032A0,2020-04-11,13.30,60,,
supplier_7,8B8FE957-51C7-4ECC-9C90-19EDF7673796,2020-05-28,4610.87,30,,
supplier_7,15AE9AB8-5F16-461E-920B-89EBA3DA8808,2020-04-23,4576.45,120,,
supplier_8,70D15850-C410-44B7-A371-35B342C9C7CA,2020-06-09,1232.2,90,,
supplier_8,D08F40D0-6492-4501-96EA-01818C6A4E39,2020-04-27,8239.60,60,,
supplier_8,0B01710B-7DAA-49AA-A8E4-C857CA1CB782,2020-06-13,7.49,30,,
supplier_8,BBA286DC-97FC-4873-A3F7-75D2D832F6A3,2020-05-01,1519.6,120,,
supplier_8,07885D6D-43FD-486A-8221-79B038912077,2020-06-17,2275.64,90,,
supplier_8,A415CE19-2218-47C0-A048-C97E2834BA08,2020-05-05,728.21,60,,
supplier_8,C6BF41A3-A30F-4F40-A7F7-D80429E0334B,2020-03-31,2728.78,60,,
supplier_9,FDC2489C-F788-4B21-AFED-EA49E787DFC4,2020-05-17,682.36,30,,
supplier_9,B69681BA-DECD-44DA-9076-0AD7AC655542,2020-03-26,1343.19,60,,
supplier_7,736C828B-E415-4A7C-BA6D-76FDCC55561F,2020-05-12,2943.76,30,,
supplier_8,BB95BA1D-0E37-4FB9-A4A5-B1EA59E36320,2020-04-07,143.34,120,,
supplier_8,C9AA6A0E-06E4-4DC1-9285-CB9A3D49E216,2020-05-24,1243.91,90,2020-08-22,1243.91
supplier_3,9D8E5B34-00E0-43F0-A19C-A15F4BA294AC,2020-04-02,106.0,90,,
supplier_3,B2A38D04-9F28-41BC-BEE8-B2C16BBEA76C,2020-05-19,1099.57,60,,
supplier_3,C2FC3B5C-7F11-4347-8D92-8D88C007DB1E,2020-04-06,2247.15,30,2020-05-06,2247.15
supplier_10,1C1EB070-E51F-433B-8159-4CCC20C05D39,2020-05-15,731.23,30,,
supplier_10,6090C290-0BAD-4629-BE0A-0A028D98B8A4,2020-04-02,1684.81,120,,
supplier_11,3D12EE91-FC4C-4AD7-919E-5872A21CCC34,2020-05-26,255.38,90,,
supplier_11,2832CFAB-4FB7-478B-AE1C-4C9E61F0ED59,2020-04-13,1941.96,60,,
supplier_11,33E9D1D9-527D-43C0-BC66-B20318CBC660,2020-05-30,91.53,30,,
supplier_11,D9754231-EA65-49A9-A853-A2D79E207082,2020-04-17,428.10,120,,
supplier_1,302BB939-0026-45EA-B70C-675E2A18108F,2020-06-03,6684.68,90,,
supplier_1,5148624E-19FB-4EFC-B2CF-833235CD5F8D,2020-04-21,245.25,60,,
supplier_1,96FC435B-5621-45C5-8C87-1F5E80D6F3A4,2020-06-07,5770.82,30,,
supplier_2,8FBB5BB5-617B-4E9B-9237-DEDAF137F009,2020-05-03,156.40,120,,
supplier_2,80655554-3B5C-48A7-82F8-98518D465BBA,2020-03-21,1618.97,90,,
supplier_2,C659C304-D264-48E6-80E4-8728369F2CFE,2020-05-07,2349.55,60,,
supplier_2,2ABEEB38-D480-4383-8DB2-484DAD807E84,2020-03-25,587.44,30,,
supplier_2,FBA2B2F3-0E8D-4489-822F-A2B97F8038F4,2020-05-11,1905.1,120,,
supplier_2,D5FAB160-F3EA-4C99-BC48-A912610FB458,2020-03-29,65.59,120,,
supplier_2,ECA119EB-DB09-44F7-AF50-D6823EDFA6DC,2020-05-15,960.16,90,,
supplier_2,E3B6ACFE-26C5-4E69-ACBE-4A1D7D33CF8E,2020-04-10,9346.73,60,,
supplier_3,9F56FC1F-9E88-4BFE-8734-2ABAECB28D8C,2020-05-27,972.31,30,,
supplier_3,DD5186EE-C9CB-4469-AD91-12FB7DF8E1B2,2020-04-13,1686.88,120,,
supplier_3,BCBD44CE-AF3E-4723-83A8-05E80BC15AEA,2020-05-30,208.45,90,,
supplier_3,EECFC2F3-4D5F-4DD7-998D-01638EB63DBE,2020-04-17,2375.3,60,,
supplier_4,6A2056A0-B5E9-4EAD-8648-6D86FFB2A87A,2020-06-03,3098.60,30,,
supplier_4,8373B814-88B8-4B8E-834C-81533F7D9FAB,2020-04-21,3837.18,120,,
supplier_4,7A218CC7-F627-4584-8923-0D2957E48157,2020-06-15,4190.75,90,,
supplier_5,BD07E25E-47A8-44B5-A986-65030C6A6C28,2020-05-03,974.32,60,,
supplier_5,FB125739-ABE6-4DAA-B206-3D5DC6527F96,2020-03-21,1866.90,30,,
supplier_5,E8302E41-6E9F-4751-B975-D6F6D6EF3827,2020-05-07,401.47,120,2020-09-04,401.47
supplier_1,91D62E5C-F4FD-45CC-9785-C1E0BFAF5135,2020-06-14,2346.56,120,,
supplier_1,88F179C7-424B-492C-A35C-359DAED29D38,2020-05-02,3078.13,90,,
supplier_1,5BD35215-43AD-495F-AF6E-6894D9901E56,2020-06-18,944.71,60,,
supplier_1,36C0364C-2BC8-447A-808D-8D1C8A394A6A,2020-05-14,1664.28,30,2020-06-13,1664.28
supplier_8,F0804E8C-8C8E-4516-A66A-21860970058F,2020-03-23,1258.37,30,,
supplier_8,1E83EDAB-C0E9-494B-B564-E9652A8B4A42,2020-05-09,2079.94,120,,
supplier_8,0BC8654A-DD6C-48A2-AB15-DCF63347F432,2020-03-27,18.52,90,2020-06-25,18.52
supplier_4,1BE9F651-1717-49C5-BF3E-D80AD20E1566,2020-05-05,1108.60,90,,
supplier_4,D88D24EF-7861-4D04-A76D-B0ADF7715922,2020-03-23,86.18,60,,
supplier_4,F97003CA-7BFE-44C7-8022-5D932C4ACA97,2020-05-08,1157.75,30,,
supplier_4,C9B946C2-D930-466A-A005-D43FF7E6E5B9,2020-04-03,1834.33,120,,
supplier_5,BAD61E3B-D49D-459F-86E6-164D1827C9EC,2020-05-20,3716.22,90,,
supplier_5,AAB4DE87-94CB-473F-A218-A5C7CB7C0E3E,2020-04-07,4129.79,60,,
supplier_6,93D07A5A-AD8F-4078-9A50-3A0A70C775EB,2020-05-24,11.37,30,,
supplier_6,DF9EBD63-8EFE-4DB1-95B4-D011E0CB73A4,2020-04-11,4577.94,120,,
supplier_6,95C862C1-8FA2-4D93-B264-5BF064AA94F3,2020-05-28,4560.51,90,,
supplier_6,084E2043-C54B-462E-85AE-1E0751891C1C,2020-04-15,1221.9,60,,
supplier_6,796A7906-ACB5-4088-B854-0CEB2E65ACFA,2020-06-09,2051.66,30,,
supplier_7,F038B7C2-7C9C-4DF7-BF51-1EAE09FEEDE2,2020-04-27,549.24,120,,
supplier_7,DD5D7127-BE64-4640-83E5-C9FF6BAEAE03,2020-06-13,2430.81,90,,
supplier_7,7CB77933-F66F-4909-A97F-6BDDF095E2F4,2020-05-01,458.38,60,,
supplier_7,237DA3D3-26EF-405A-8B85-01907460AF5E,2020-06-17,722.96,60,,
supplier_7,E0877E37-8311-478F-B633-C9949C7EE3A4,2020-05-05,8153.53,30,,
supplier_7,22CDC4BF-325F-42AA-99AE-AEE27B963739,2020-03-23,898.10,120,,
supplier_7,28719DA0-A691-4B6C-AB9F-3E5D23325939,2020-05-09,7239.68,90,,
supplier_8,AF362B8E-E2E1-4143-96B1-5ADFE0D124DA,2020-04-03,891.25,60,,
supplier_8,7ADF2F30-2C4B-4ED1-B860-56F3153A5206,2020-05-20,2108.83,30,,
supplier_8,1C165FF4-E245-4F06-9AD9-63306C07AABC,2020-04-07,217.40,120,,
supplier_9,1EABB61B-113B-4068-9150-E2F90AA4A9B3,2020-05-24,1322.97,90,,
supplier_9,50EC6FFD-48E5-43A8-ABD8-092390AACAF7,2020-04-11,2395.55,60,,
supplier_9,11A38A1F-DDED-4AAD-B9B4-A2FA45A64179,2020-05-28,4284.38,90,,
supplier_7,964939AB-F415-4531-8309-17617BE16353,2020-04-15,68.95,60,,
supplier_7,EEF6AFBC-AE55-4966-BC93-E15383722664,2020-06-01,4886.52,60,,
supplier_7,1D0BCD4A-D5A8-42B4-AC93-F8041890E409,2020-04-19,4714.10,30,,
supplier_7,C3845C10-9E1C-490A-955B-7540D524DC19,2020-06-05,1324.67,120,,
supplier_7,325EEB2F-9D45-47E1-99CA-B834EEE3C129,2020-05-01,2128.25,90,,
supplier_8,F455CA73-824C-410B-A584-10701449DCF9,2020-06-16,1019.82,60,,
supplier_8,3A7A1007-84A1-429C-BDF0-367E9C9056F8,2020-05-04,1900.71,30,2020-06-03,1900.71
supplier_4,23C3A4C2-78CB-4AFB-B628-CF19D4EC9CA5,2020-06-12,71.80,30,,
supplier_4,9EE92B12-3833-425B-9672-6EED40440E0D,2020-04-30,965.38,120,,
supplier_4,3E70F7CB-5BF4-4F5F-8EBF-9A61738977A5,2020-06-16,3123.95,90,2020-09-14,3123.95
supplier_11,3498790D-DEF6-4055-919E-3A912F19F9E4,2020-04-25,1607.4,60,,
supplier_11,9C402197-35D2-42DD-A3B0-A357583882F8,2020-03-21,2341.61,30,,
supplier_1,D0312238-8EC9-400B-8776-1EA0C95BD8F6,2020-05-07,781.19,120,,
supplier_1,682D98B1-E240-47EE-BE96-01514F4F6CCA,2020-03-25,8452.76,120,,
supplier_1,1FCF6D3E-A15C-48C0-95AB-DA1E8F8CF47B,2020-05-11,56.33,90,,
supplier_1,8468F568-F750-462D-8DCF-F293DCC6784A,2020-03-29,954.91,60,,
supplier_1,34FCD475-1F4E-48A9-AF3C-6860BB896251,2020-05-15,9313.48,30,,
supplier_1,DE748034-66A8-4CDE-8960-30E82ED7C10B,2020-04-01,1928.5,120,,
supplier_1,AF320CD0-95AC-4435-91A5-C756210B118B,2020-05-26,2800.63,90,,
supplier_2,2EAE316D-B429-4E34-A7EA-F133E4A4B161,2020-04-13,2943.20,60,,
supplier_2,6F8DCC6C-5315-428C-80F2-3B0BC7506F4E,2020-05-30,3743.77,30,,
supplier_3,DB0E13F9-E2C2-459E-BB56-5170DCDC0B7E,2020-04-17,676.35,120,,
supplier_3,8399763E-9D89-4450-BE4C-71BA53BD06EF,2020-06-03,951.92,90,,
supplier_3,A92077FE-B512-4387-9FB5-825E50CFBD74,2020-04-21,1669.50,60,,
supplier_3,E38F3736-4CCE-4DFD-A79B-7934722A4EF9,2020-06-07,722.7,30,,
supplier_3,E9A6184A-B5F0-488F-BA9E-5EA18A80DB88,2020-04-25,1486.64,120,,
supplier_4,B942D31D-9A19-4BD4-9334-7F50FEE832AD,2020-03-21,1976.22,90,,
supplier_4,D857DA62-C9AC-4C18-B9F6-4142F910064F,2020-05-07,3259.79,60,,
supplier_4,31D20CB8-37DB-49DF-B1B8-1D267C7FAD61,2020-03-25,212.36,30,,
supplier_4,B46319D7-FDCB-47FB-AC0C-1974D5750C9A,2020-05-11,2837.94,30,,
supplier_4,6DC2BAFA-D999-4FFD-A228-9678B13CA36C,2020-03-29,3690.51,120,,
supplier_4,FA03A73A-AB59-473D-B55D-3397A99A153E,2020-05-15,641.9,90,,
supplier_4,815E3EF5-7D3B-49D0-8937-A98AF261722E,2020-04-02,1616.98,60,,
supplier_5,A922508F-2EB5-40A3-B987-7B45B15C0246,2020-05-26,504.55,30,,
supplier_5,4B5A6AE9-F1AD-467B-BA8A-FF02A1FBA5FD,2020-04-13,1851.13,120,,
supplier_5,45705E6F-E7DD-49E0-B297-03D2048DD6FC,2020-05-30,24.70,90,,
supplier_6,E822E766-8EEC-4385-AE3F-BFBA8FA6E666,2020-04-17,374.27,60,,
supplier_6,65F3FC6D-7D95-4ADE-8EC9-82DA0C37DB7D,2020-06-03,6414.85,30,,
supplier_6,CA44B4E3-28B1-4A6F-B56B-FB82C1E89CC5,2020-04-21,239.42,120,,
supplier_6,E3C7281A-3C13-4B69-943F-A4C9622AD25E,2020-06-07,1100.0,90,,
supplier_7,DDABCDEB-D3FF-4548-907E-1ED833A7CC3A,2020-05-03,43.57,60,,
supplier_7,7F34B54D-F011-4B9A-8E2E-24EC1C3A2452,2020-03-21,2293.14,30,,
supplier_7,4922F133-9462-4B71-A179-9D34092B3BDE,2020-05-07,3043.72,120,,
supplier_7,BB3A3BA9-5EF7-4EB3-A0AC-E78AFE8DE612,2020-03-25,904.29,90,,
supplier_7,AF7001B4-BE43-4A4B-A08C-684BBF06735B,2020-05-11,2723.86,60,,
supplier_7,9EDE25D2-BA7E-49DD-8790-B32719A64C04,2020-03-29,3330.44,60,,
supplier_7,3348F3E8-580B-47AE-8501-25CCC2343D76,2020-05-15,1133.1,30,,
supplier_7,E97C6BCE-08E9-488A-B3A5-9AB77A299AEF,2020-04-10,1815.59,120,,
supplier_8,89BB33A3-FE3B-4D8A-8881-3015A29906E8,2020-05-26,1206.16,90,,
supplier_8,85E2845C-D2B8-4B78-A236-92E3E09A6FAC,2020-04-13,2040.73,60,,
supplier_8,FF62A61D-A101-40E5-9724-1A56EA26C727,2020-05-30,541.31,30,,
supplier_8,80E3C8A5-071F-4C70-85DF-33C72E4E119E,2020-04-17,4481.88,120,,
supplier_9,C5A1D3D1-7AD5-4F83-8FF6-00C34E709C31,2020-06-03,4512.45,90,,
supplier_9,C17EB16F-90FC-462E-9649-475AD0F279EF,2020-04-21,713.3,60,,
supplier_9,1198A7DD-8983-42B7-A257-4FFF65787951,2020-06-15,8110.60,30,,
supplier_10,9628A301-8B6E-47F6-8C2F-8B2EEC85C0F4,2020-05-03,884.17,120,,
supplier_10,F14107C3-0B79-4068-A24F-64ED290605B2,2020-03-21,1799.75,90,,
supplier_10,141EFF8E-2707-4D33-A797-2D9020B13F54,2020-05-07,347.32,60,,
supplier_10,231B55E0-AB4B-4CF2-9737-27B7DA8DF1DE,2020-03-25,1171.22,30,,
supplier_10,F74860EE-7297-4601-85D7-8EEAFD081B6B,2020-05-11,2014.79,120,,
supplier_10,F63829BA-CA83-408F-8822-A67F63D6D306,2020-03-29,520.36,90,,
supplier_10,4F0CEF33-93EE-4FDF-A710-B1A3F2C5F4E3,2020-05-15,7143.94,90,,
supplier_11,24B9ED61-AEDA-4F96-880B-FB673023FC3C,2020-04-10,421.51,60,,
supplier_11,16586A62-DF02-4247-807F-3292854A7300,2020-05-27,1245.8,30,,
supplier_11,BE61B24F-3C72-4F20-9392-43116DDB3F6A,2020-04-13,1210.92,60,,
supplier_9,F6B531D3-A6EB-44E3-A305-5B8232E36DD0,2020-05-30,4693.49,30,,
supplier_10,BF522DD7-CA83-4389-81E0-84D5849A4ECE,2020-04-09,2873.9,30,,
supplier_8,DE2AACCC-872E-496E-8AC0-79D3BEF891FD,2020-04-13,516.24,120,,
supplier_1,C86FE379-475C-40B6-BC3B-7BF2C0F96554,2020-05-12,1315.10,60,,
supplier_2,5786CFEA-8CC0-42F5-BFFC-B5F2437D0421,2020-05-24,3755.99,60,,
supplier_5,60CD7612-5981-4EC8-B0C2-0B76999A1180,2020-06-05,4425.37,30,,
supplier_9,6FE1AEDA-39F9-4FEE-9426-E31836FFF70A,2020-03-29,1223.48,120,,
supplier_7,0C0A3899-27D1-44D9-9B49-409064A8F4A2,2020-04-27,1239.9,30,,
supplier_5,F8FB3B74-BCA7-4FD6-A430-6D51B310BF13,2020-05-27,582.95,30,,
supplier_1,F9A9B45D-B2ED-44F1-8B89-E48CE5AC1EA6,2020-03-27,217.58,90,,
supplier_2,98B1215E-96AA-4E99-B7D6-03A0F00976BB,2020-03-31,1111.47,90,,
supplier_3,15027313-9FC2-4E39-93DC-FCEF174CF916,2020-04-21,934.17,120,,
supplier_2,6B554B59-60BE-4286-BBC9-38D6D17B045B,2020-05-12,6964.51,60,,
supplier_6,05ED1259-1E77-4D1D-83EB-A5946BABAA4B,2020-06-10,556.11,120,,
supplier_11,B219CBFC-4B8E-4304-9427-BA0317619ED3,2020-04-28,1275.69,90,,
supplier_11,B24A0808-C98B-4C3D-939F-7A297B7E50D6,2020-06-14,1928.26,60,,
supplier_11,4FC8AA44-E829-403B-99FC-963781DCAD49,2020-05-02,4186.84,30,,
supplier_1,2C90E1E8-07D0-4DC1-97C4-B9F318A3462A,2020-03-28,4364.41,120,,
supplier_2,EC5B2AB8-AFA2-4D65-ADAB-A25F6FBB88D0,2020-05-14,654.98,90,2020-08-12,654.98
supplier_8,A5D1AE0E-327F-4B71-8089-576195B09449,2020-03-23,1744.7,90,,
supplier_8,7EBB8BCD-1B6D-4439-987B-4264FA661AA3,2020-05-09,499.65,60,,
supplier_8,52CEF176-9DA4-4C3A-BFB2-BC22BD5DFE75,2020-03-27,2521.22,30,2020-04-26,2448.22
supplier_9,E9FAD7D2-407A-490D-AD19-5E67932845A1,2020-04-26,4120.8,90,,
supplier_9,BE3BCBAB-0098-4269-AEF5-9B0D434444FF,2020-06-12,5.65,90,,
supplier_9,BC4806DC-AFF9-479D-B49F-5DE41668D3F1,2020-04-30,1139.23,60,,
supplier_9,1B7B8FEC-2F46-4BFA-88DB-D13CD65B1BF6,2020-06-16,4550.80,30,2020-07-16,4550.80
supplier_5,C48DEBD8-B2E1-47E9-9813-0309242206AD,2020-04-25,1517.89,120,,
supplier_5,B988CF27-F8B4-4011-B959-5381CF991F85,2020-03-21,2274.46,90,,
supplier_6,B46871FB-F523-496C-A6CA-672E394B773C,2020-05-07,727.4,60,,
supplier_6,707C1073-BE40-4B13-B2A0-3FBFAE7B9E73,2020-03-25,8182.61,60,,
supplier_6,1E063B88-4137-42DA-BBDA-457255BB2F85,2020-05-11,681.18,30,,
supplier_6,2C149A9F-4B1B-4865-91A2-B7545EF5EA89,2020-03-29,900.76,120,,
supplier_6,33A90CDD-EA62-42D6-A8FD-3D9AAA5A6775,2020-05-15,9043.33,90,,
supplier_6,EE2E12F8-87BD-499D-BB62-E33848151FBC,2020-04-01,1793.91,60,,
supplier_6,BB424094-B318-434D-89C9-B05B0B851F9A,2020-05-26,2710.48,30,,
supplier_7,964D67CA-F7B6-48EA-A515-B5D6D29BFDAC,2020-04-13,2673.5,120,,
supplier_8,6DAA7B22-840A-466E-905F-89AD3CBA86BD,2020-05-30,3608.95,90,,
supplier_8,9B557BC3-0F4F-4B6D-87B0-5DC15B0967E0,2020-04-17,586.52,60,,
supplier_8,F7FC0658-0989-4951-86F1-AFD18A7501E9,2020-06-03,883.9,30,,
supplier_8,85B6EEDF-AF3A-4E72-BE65-CBA4E0A3D445,2020-04-21,4038.67,120,,
supplier_8,1401CE0A-BB73-45A1-A12F-00D2541748A2,2020-06-07,873.24,90,,
supplier_8,0E026A50-ADE1-4125-BEF6-CEFC1E66FF64,2020-04-25,1790.82,60,,
supplier_9,5F4DEB6E-9DF8-421F-A0CD-8253ECA4A05F,2020-03-21,341.39,30,,
supplier_9,C9EC386E-05FA-4153-B672-8EB4252F399A,2020-05-07,6249.96,120,,
supplier_9,206DD8DB-55D5-4A5A-AD0B-1B38E2D9F230,2020-03-25,198.54,90,,
supplier_9,B79B0574-89CD-4979-A05E-EFFEE273C561,2020-05-11,513.11,90,,
supplier_9,4AE5D5FD-8BC3-4F64-AABC-287D505A25B5,2020-03-29,7110.68,60,,
supplier_9,891EA304-18D5-4CFF-80D6-4D95E1082812,2020-05-15,826.26,30,,
supplier_9,1DDCA514-2664-46C3-9802-643688E1DC3B,2020-04-01,2065.83,120,,
supplier_10,67F24C3E-0AF6-4CD1-9A90-F9528D52506D,2020-05-26,739.40,90,,
supplier_10,CA6CE931-2641-430A-8650-084580639E73,2020-04-13,2641.98,60,,
supplier_10,BA632067-1296-4349-8A20-1D1522B77E53,2020-05-30,3275.55,30,,
supplier_11,8970374D-0905-42CE-BAC0-1402FD092F40,2020-04-17,400.13,120,,
supplier_11,3F6F8410-648D-4E69-8E23-C9A981E91679,2020-06-03,1228.70,90,,
supplier_11,1DFC2901-2B3C-470B-A32E-7BA562D855C1,2020-04-21,229.27,60,,
supplier_11,BEBF9E7B-FDBC-4F0E-9E3E-C9643EC3BB6D,2020-06-07,1307.85,30,,
supplier_1,2EAA643A-CE63-40E8-9ABF-648551401888,2020-05-03,1954.42,120,,
supplier_1,5B35A870-EAAD-43CF-A1C7-88F6B884F881,2020-03-21,2158.99,90,,
supplier_1,CE84D30F-4661-4710-AF60-A9D0EDD0D705,2020-05-07,2953.57,60,,
supplier_1,14BFF816-6F36-4171-ABB2-D5177BEB7A89,2020-03-25,634.14,30,,
supplier_1,4F916EB9-DB68-4028-ADED-F4ED67D169DF,2020-05-11,2588.72,120,,
supplier_1,DD4067E5-E611-4092-BB26-25D776DFFDD2,2020-03-29,3240.29,120,,
supplier_1,51814C4E-255E-4BA0-BFFA-00305E3BFF0D,2020-05-15,1065.18,90,2020-08-13,1065.18
supplier_6,0DC134B4-1658-4711-8D51-F670BCB9AC7F,2020-03-24,757.53,30,,
supplier_6,A8C49EBF-49BB-4C69-99D8-449BAE63D8F3,2020-05-10,8328.10,120,,
supplier_6,36FE7D46-2184-4C92-A917-78375046BD22,2020-03-27,1435.68,90,2020-06-25,1416.68
supplier_7,C4D43568-B279-4FF4-97BD-C763D5B51A11,2020-04-26,1651.54,30,,
supplier_7,8BA4706F-D1D1-4BD2-9946-C432FCC5428C,2020-06-12,2615.11,120,,
supplier_7,DEC77415-ABF8-401A-95D8-276B42F58344,2020-04-30,2388.68,90,,
supplier_7,2106BDFB-F1A9-45BF-AAE4-EE7946E1F1E5,2020-06-16,3465.26,90,2020-09-14,3388.26
supplier_8,4F39EB38-9F79-4CB9-862C-41C362B44C76,2020-04-16,3681.12,30,2020-05-16,3618.12
supplier_8,4F6CA828-2E86-4B70-AC95-7E8F388DB3D8,2020-05-16,112.98,120,,
supplier_8,78289362-B842-462D-A1F4-F1E203F12030,2020-04-02,778.55,90,,
supplier_8,65316BC4-A3C8-4919-A3D6-03016ED8D81D,2020-05-19,1719.13,60,,
supplier_8,F0AAC4D3-6F51-4E76-8594-9F938123C858,2020-04-06,284.70,30,2020-05-06,284.70
supplier_4,2AC1F70A-C001-4A95-AC51-AA67A903A541,2020-05-15,1374.79,30,,
supplier_5,47A84258-3409-40A7-AC97-13979A79E9C5,2020-04-10,472.36,120,,
supplier_5,5EFCD19E-EF22-434E-8BE1-E539B00430F7,2020-05-27,1489.94,90,,
supplier_5,F65C4948-62D7-4158-990D-AF76719EA5E5,2020-04-13,100.51,60,,
supplier_5,5F7C99A4-D859-4591-ABC1-E9B6799ADEAD,2020-05-30,2278.8,30,,
supplier_5,E593B7F9-AD0D-4BB9-8FD6-74B5BBC4C16D,2020-04-17,3410.66,120,,
supplier_6,E8B974BB-8851-4A10-B832-2535BDDCEEF5,2020-06-03,272.23,90,,
supplier_6,970628DA-8163-42D7-AB7D-574176779297,2020-04-21,5907.80,60,,
supplier_7,AA1D8738-398F-4339-B6A9-F68A25361CAD,2020-06-15,225.38,30,,
supplier_7,06D79C0C-7ACB-40DD-9635-A93E7F281BB6,2020-05-03,1664.95,120,,
supplier_7,A3618C77-A8D5-403C-A648-04313A67FB58,2020-03-21,2384.53,90,,
supplier_7,9CA36021-FAFE-4CBB-8C42-6858591EC6A6,2020-05-07,655.42,60,2020-07-06,655.42
supplier_2,EFE5B9EC-FF5B-4EE6-890D-0F8BEB7A112B,2020-06-14,2254.51,60,,
supplier_3,7858364C-3CA5-4408-A253-8CEED6594B9C,2020-05-02,326.8,30,,
supplier_3,C9B99609-E819-48F5-9289-ED64A1D52536,2020-06-18,1169.66,120,,
supplier_4,D00D8863-4D87-44EF-9A36-9D8A686375B4,2020-05-14,392.23,90,2020-08-12,392.23
supplier_10,A827F9AB-9A95-4E77-BAC8-F6E0646B7A34,2020-03-23,1948.32,90,,
supplier_10,92903F3E-D00C-4F91-9679-04ADF3B27D7D,2020-05-09,96.89,60,,
supplier_10,C7EFDD98-0088-43ED-9DB0-A7B94DB5B6C7,2020-03-27,432.47,30,2020-04-26,432.47
supplier_6,5305BE0C-A511-4485-9EF2-D9526FBDD551,2020-05-05,1522.55,30,,
supplier_6,7AAB14B6-C87D-4A91-8063-C3CD00C21270,2020-03-23,718.13,120,,
supplier_6,BF33521A-6F4A-4877-A336-20168FA33B52,2020-05-08,1674.70,90,,
supplier_7,B6371B90-1BED-40EF-9C81-35E54B5FA8EA,2020-04-03,248.27,60,,
supplier_7,50C19D05-D0B9-4F5E-A114-EDEC3F62F8AA,2020-05-20,5786.85,30,,
supplier_7,E64D7D82-B4D4-4610-9ED6-6FDE8EAB8F04,2020-04-07,109.42,120,,
supplier_8,37F4D358-ADCE-4658-B5B1-24DDF1F834E0,2020-05-24,2104.0,90,,
supplier_8,E7386A41-8153-43E3-80D2-F2E6BA40ABE8,2020-04-11,3323.57,60,,
supplier_8,1418612C-F554-49A4-B27B-9C4E0FF2AEE4,2020-05-28,396.14,30,,
supplier_8,8AA662BC-5A1D-4C0B-B36B-2E20DF4D0F03,2020-04-15,1433.72,120,,
supplier_9,CBC4C45D-36AD-4C5A-A27E-68B69EE7B31C,2020-06-09,55.29,90,,
supplier_9,22D2DE3E-78F6-439B-BBD8-8D47ECF31BCA,2020-04-27,1606.86,60,,
supplier_9,4209C0FD-BF03-48FD-97C6-5668BF008D5E,2020-06-13,2340.44,30,,
supplier_9,CC0F56AB-B046-4EC8-AB5F-5697985B3442,2020-05-01,227.1,120,,
supplier_9,0A79C149-FB25-4EF3-A5DA-2B002036649D,2020-06-17,5680.59,120,,
supplier_9,A1E150EC-2089-4830-804F-B44E955A1D72,2020-05-05,111.16,90,,
supplier_9,1155EB67-57AF-40D2-99C2-ED3F21124278,2020-03-23,953.73,60,,
supplier_9,A5868953-2FDC-47E3-A54B-FB18212067D1,2020-05-17,9309.63,30,,
supplier_10,BBEE78D6-404F-4B0A-BC0B-7D27DB204306,2020-04-03,1926.20,120,,
supplier_10,15EB9F8E-58D1-4F36-8A9D-372CA7EA5ABA,2020-05-20,2798.77,90,,
supplier_10,FB10158D-07C8-4B12-A8A0-A7DDDD9D523C,2020-04-07,42.35,60,,
supplier_11,970BF345-3890-40EA-B84B-548297EEB80E,2020-05-24,2357.92,30,,
supplier_11,B94CD8D1-0648-4E0E-9F70-F42739EF6AF4,2020-04-11,3085.50,120,,
supplier_11,824DEFA0-88AF-4414-A60D-EE9B471C92DC,2020-05-28,950.7,90,,
supplier_11,CDFDD5E6-0533-4610-9AFA-C243D3B2F673,2020-04-23,1668.64,60,,
supplier_1,886D255F-0D46-44EA-9A1F-449D1E510F86,2020-06-09,962.22,30,,
supplier_1,CEAA4DF2-547F-4A2D-810C-36C85CC1FFA7,2020-04-27,1857.79,120,,
supplier_1,3C928A65-EA56-4D72-8396-878AA01735C0,2020-06-13,394.36,90,,
supplier_1,6B605930-A0AA-4928-9931-C631359795B2,2020-05-01,3747.94,60,,
supplier_1,7F68FB82-1855-4F86-B7A7-373D650D31C0,2020-06-17,4145.51,30,,
supplier_1,CB48BCCB-2922-45FD-A7E9-B9E9295B8047,2020-05-05,2418.34,90,2020-08-03,2418.34
supplier_6,47E4A67E-DDFC-416F-8EBB-5E4B623128B7,2020-06-12,588.43,90,,
supplier_6,28072868-1931-45F3-BF37-0D6E12A4BEE5,2020-04-30,3449.0,60,,
supplier_6,85DA86AF-6B67-41EC-BFD8-D5869F8AE27F,2020-06-16,480.58,30,2020-07-16,480.58
supplier_2,F1580243-D138-4D65-919B-382F8C1748AE,2020-04-25,2297.67,120,,
supplier_11,065B8E3F-214E-4995-91E5-3AA425F7009E,2020-06-11,586.76,120,,
supplier_10,66CA55C4-F5A6-43D3-9009-BAA81758C3EA,2020-04-28,1377.33,90,,
supplier_10,1232BFFE-3676-4902-98E4-AF85ED61A354,2020-06-14,477.90,60,,
supplier_10,D8329885-BD14-496A-BF33-9C29C54FB68F,2020-05-02,801.48,30,,
supplier_10,A6C89630-4B2A-45B6-AEE2-C72CF7CBA3E5,2020-06-18,1549.5,120,,
supplier_10,D2EEF3E6-9DC0-41FA-BE33-48027E84756F,2020-05-06,2292.62,90,,
supplier_10,A0026520-03FA-4BCE-BDBD-0A68E21F1CEB,2020-03-24,3417.20,60,,
supplier_11,C0A94D68-29FE-4AAE-8259-F9D25535FF4C,2020-05-18,275.77,30,,
supplier_11,89D9880A-D43C-4C6C-B1CF-DAD21710BB3D,2020-04-05,5921.66,120,2020-08-03,5921.66
supplier_7,A4CA5D38-88B2-40C2-9DD8-95EBC8AE0EA5,2020-05-13,1373.75,120,,
supplier_7,A823B9FA-0337-4B38-9910-A8956F7B669F,2020-03-31,1574.33,90,,
supplier_7,807FD91A-4782-4FC1-A865-01E9DA35F5BC,2020-05-17,1538.90,60,2020-07-16,1538.90
supplier_3,86EBDE1D-E756-4F85-9A71-2ABAEA5AAF66,2020-03-26,628.99,60,,
supplier_3,7859CF97-F47A-4D8C-ADAD-32A7C5E1B47C,2020-05-12,3843.56,30,,
supplier_4,1AAB37F6-13E7-49CD-8F48-57A8420CD7E5,2020-04-07,743.14,120,,
supplier_4,AE409867-338C-4A73-A015-5ABB4CD53342,2020-05-24,1693.71,90,2020-08-22,1693.71
supplier_10,0A3D0C6A-DFA0-4BDB-8B97-2155B0678ECC,2020-04-02,2224.80,90,,
supplier_10,9F982680-B688-4EAC-BEA2-51C30787698E,2020-05-19,1999.37,60,,
supplier_11,DC139CEB-477A-4F8F-85E4-FA050D93224F,2020-04-06,2847.95,30,2020-05-06,2847.95
supplier_6,E2B31FEE-2898-416B-B9FD-96EF8C2B1107,2020-05-15,1331.3,30,,
supplier_6,C1E7C953-A88A-4A5C-A8CC-70AADA04CBFB,2020-04-10,8536.61,120,,
supplier_7,47F8AA3F-C61D-4DF0-BA46-0AC749767549,2020-05-26,1539.18,90,,
supplier_7,445CC199-DBC5-47C2-980A-08C4A58DCF5A,2020-04-13,2541.76,60,,
supplier_7,C7BEA081-DA30-4FB9-B85A-545490EE554B,2020-05-30,541.33,30,,
supplier_8,385DCA8D-B59E-468A-8844-1C09CF74DA89,2020-04-17,788.90,120,,
supplier_8,6A9A7B4B-C0CD-4D15-862C-23046AB84282,2020-06-03,2828.48,90,,
supplier_8,0D5BB92B-BA1C-44F4-B664-EB4ECC367C23,2020-04-21,756.5,60,,
supplier_8,E8656125-43F1-4F30-87D7-F3F2798A56D9,2020-06-07,1514.62,30,,
supplier_9,1C8E0F36-C7B2-4F94-93F0-8E71ED6D7EE0,2020-05-03,2113.20,120,,
supplier_9,00BEB88B-8A36-4189-822C-6E91190A4848,2020-03-21,3328.77,90,,
supplier_9,5BF607FA-6853-435F-BA72-E54B6A66B05A,2020-05-07,239.35,60,,
supplier_9,43803221-E376-41BF-BA1C-7B6AE37BA653,2020-03-25,1487.92,30,,
supplier_9,3E775A09-1E82-4949-A147-AB725324ED40,2020-05-11,2505.49,120,,
supplier_9,2DB74801-DB08-4DF6-AE98-EE98E9B1714E,2020-03-29,515.39,120,,
supplier_9,ABAC18E7-E342-4208-A3A9-EE8F6C65EB08,2020-05-15,1320.96,90,,
supplier_10,F466CAF9-9FCC-4882-BC8A-67CCEEA87296,2020-04-10,382.53,60,,
supplier_10,E2AC3532-BBEC-47B4-89F8-00231F90AFF4,2020-05-27,1422.11,30,,
supplier_10,966E95E6-35C0-4133-8D37-92DE0F8D240A,2020-04-13,46.68,120,,
supplier_10,EF67FE1B-806F-4DBB-B5AC-28BF29587ECC,2020-05-30,2008.26,90,,
supplier_10,3952157F-BEB4-4276-8B4F-8724D3400F47,2020-04-17,3275.83,60,,
supplier_11,39F37348-9476-483B-A023-17FEDB598F33,2020-06-03,218.40,30,,
supplier_11,43E87CF4-FAE2-4913-BD9F-D571B9547B50,2020-04-21,5637.98,120,,
supplier_1,737CDFC2-EBD0-47EF-B4DF-992C5F0F0D34,2020-06-15,90.55,90,,
supplier_1,5A07A24E-71A8-4862-B9DC-1B941CEBE53E,2020-05-03,1574.12,60,,
supplier_1,43D60364-F752-4C9C-99F3-76454A04573A,2020-03-21,2316.70,30,,
supplier_1,B13200F1-14FA-45E0-B71D-219A6379BA9F,2020-05-07,520.27,120,2020-09-04,441.27
supplier_1,20F6DC4A-3A63-4818-9D61-7FA65313222A,2020-06-05,848.13,90,,
supplier_2,C4A14522-21E1-4987-B48B-9B90E96B87AA,2020-04-23,2927.71,60,,
supplier_2,C313A97A-BF39-44CE-8247-78062C25C7FF,2020-06-09,139.28,30,,
supplier_2,CEF057E7-59A5-44D9-B935-E71B584A7B6A,2020-04-27,1020.85,120,,
supplier_2,06DAAE31-DB2D-4DAB-B6F1-A7E1AAC66611,2020-06-13,9644.43,90,,
supplier_2,52B28209-DDDB-4BE8-9FFD-7DA92CBA9EEC,2020-05-01,2093.0,60,,
supplier_2,15757104-2752-4D2F-A17B-64B89CF01D70,2020-03-27,1746.57,30,,
supplier_3,F1FE56FF-9116-4E6C-97D4-3A7DAB0BB613,2020-05-13,3273.15,120,,
supplier_3,0880B514-FE7B-40FE-B1B4-8056D1A670CF,2020-03-31,3908.72,90,,
supplier_3,8960ED9D-FF9D-4C9A-8156-458BE953AD10,2020-05-17,786.30,60,2020-07-16,786.30
supplier_10,9E067FE1-8E22-4A06-8215-B8132529D60E,2020-03-26,5043.38,60,,
supplier_10,FA1D4848-1A61-478F-A818-298D8697572D,2020-05-12,1284.21,120,,
supplier_8,A4F76CCF-0598-4B60-95E2-3791232BC0D0,2020-03-30,322.11,90,,
supplier_8,A020AF8F-9FF4-454A-A578-27C7CA9D3F88,2020-05-16,685.68,60,,
supplier_8,CA9BD068-7F36-4FDE-B170-D0A14D8E86BA,2020-04-03,1457.26,30,,
supplier_8,758FF307-1281-4E39-85AF-97A84A123D12,2020-05-19,1828.83,120,,
supplier_8,27E08F15-2A85-4E71-879E-2EA0D2AD4C2A,2020-04-06,3186.40,90,2020-07-05,3186.40
supplier_5,E5AF6A30-A55A-4C4B-9277-F580EDA36E56,2020-05-23,364.49,90,,
supplier_5,68C50DF3-1112-4678-A3CA-28AD9DE32787,2020-04-10,6366.7,60,,
supplier_5,18B573C9-3560-42D1-A114-C81BF25C5C83,2020-05-27,454.64,30,,
supplier_5,B34CFD7F-4B5F-43EC-9A48-5159EB6D0D39,2020-04-14,894.21,120,,
supplier_5,01145981-FBB7-49DC-B49B-173923B7F449,2020-05-30,1806.79,90,,
supplier_5,D8D5BD12-FA56-46D7-A5E7-F175BD5F635E,2020-04-17,885.36,60,,
supplier_5,6F5EA0D8-389A-4FA6-BA4E-08EDD33CCF7E,2020-06-03,2104.93,30,,
supplier_6,F37769E2-3B4F-4821-BA97-7ADF2FFD78EA,2020-04-29,214.51,120,,
supplier_7,D2F52934-EC7E-4008-94F2-25AD1A766BE2,2020-06-15,1080.8,90,,
supplier_7,B152AC74-85B2-45B2-8850-FA5A17793864,2020-05-03,9943.66,60,,
supplier_7,84A428F7-5058-4B1E-B59E-6BDE56C1D03C,2020-03-21,429.23,30,,
supplier_7,4778D4B2-E229-46D6-9B36-9A288703E597,2020-05-07,1252.80,120,2020-09-04,1252.80
supplier_2,3D4C3F4D-2BAC-411E-877D-7A8E615804E9,2020-06-14,342.89,120,,
supplier_2,20241C11-DB39-4197-A9CF-667DCD82E761,2020-05-02,6256.46,90,,
supplier_4,9AC53D22-9179-47A5-8790-17F52852A54D,2020-03-28,399.4,60,,
supplier_4,22E8B16F-B03D-441C-B432-F53E9E22198F,2020-05-14,1068.61,30,2020-06-13,1068.61
supplier_10,D82B5E57-82D8-4A7C-B989-D767CDFFD589,2020-03-23,158.70,30,,
supplier_10,3BC6BB92-F7A3-4677-8F48-D29761FC1282,2020-05-09,1284.27,120,,
supplier_10,4D34006A-32D3-486A-AC10-4020AD348C95,2020-03-27,2370.85,90,2020-06-25,2370.85
supplier_6,0C43ECE9-A681-4A7B-B8BB-A9ADF6CAF912,2020-05-05,512.94,90,,
supplier_6,F3BFB47E-7B5C-4E0B-ADAE-DCA9D262D9CF,2020-03-23,7106.83,60,,
supplier_7,E2E664F2-5B30-4498-8FBD-61819E131F92,2020-05-17,824.40,30,,
supplier_7,9F3D0954-7590-4BA6-895C-92F18BACDB4E,2020-04-03,2064.98,120,,
supplier_7,55167F8C-6EFE-44D0-892F-C73771A34B8D,2020-05-20,183.55,90,,
supplier_7,CA4E99A1-CE46-4BC2-B251-C4F83D7F514D,2020-04-07,1255.13,60,,
supplier_7,60EAF43F-910A-48D8-8B3E-909C18D6C88C,2020-05-24,2351.70,30,,
supplier_8,3CDEAB94-A3F3-4CAB-9B11-1F9DEF2B9506,2020-04-11,399.27,120,,
supplier_8,47FBCA4A-41D4-4505-A6DE-7A447AD83958,2020-05-28,1228.85,90,,
supplier_9,4F165586-8FDD-4CE6-8D8A-439F64A8B1E0,2020-04-23,683.42,60,,
supplier_9,84647866-B20A-48ED-93B7-0155395B6F98,2020-06-09,1306.99,30,,
supplier_9,C4A4D669-0205-4819-8D06-C772718041C6,2020-04-27,1953.57,120,,
supplier_9,46231083-8A32-496F-A1DC-BE86120F94A7,2020-06-13,1544.14,90,,
supplier_9,A80AB359-FDEC-447B-BF72-55EEE39D4AA5,2020-05-01,3043.71,60,,
supplier_9,B0A96E40-48DA-42E3-A5FE-0DDB3FA1CC1D,2020-06-17,210.29,30,,
supplier_9,D20334A8-B2EC-4C1B-9F83-55DCAA6C689D,2020-05-05,5173.86,120,,
supplier_10,8837B564-A518-453F-B0DF-3C20A337A754,2020-03-31,4858.44,120,,
supplier_10,D1F5ADE7-977D-4C1D-AAE2-CA85A80AC413,2020-05-17,1419.1,90,,
supplier_10,BB18F66A-94EA-46D9-BB32-69B0EF5CD82A,2020-04-04,2200.58,60,,
supplier_10,4729876A-AFD0-4EB6-81CA-8097E4C072AA,2020-05-20,288.16,30,,
supplier_10,0D38B5F1-B0CB-48E5-97CF-8A8149432534,2020-04-07,1707.73,120,,
supplier_10,9EEEEB71-4CC7-445F-9F09-1BBE737B82F6,2020-05-24,2416.30,90,,
supplier_10,E89C99AD-981F-4F64-B47D-50D06202DB27,2020-04-11,841.88,60,,
supplier_11,3621AE4B-7E8E-46AA-BBD6-CF28296BA7E2,2020-06-05,4375.45,30,,
supplier_1,EB980CD7-0875-41CF-AB60-DB3736488FC1,2020-04-23,658.3,120,,
supplier_1,2C211FDB-07C9-46FA-A0E0-34B9E0FB29FA,2020-06-09,7836.60,90,,
supplier_1,E23C2F5B-D00B-492B-A848-1EB5948B8B35,2020-04-27,1189.17,60,2020-06-26,1120.17
supplier_1,21A6BDA7-E0BC-4B44-9986-84F03DDA61F4,2020-05-26,1404.35,30,,
supplier_1,0407A865-BF9C-4ED6-B63D-705341F80987,2020-04-13,2451.93,120,,
supplier_1,ADECB98F-3B84-4F05-AAEF-2B5FFBEC3B3A,2020-05-30,474.50,90,,
supplier_2,072FDC2A-1B73-4286-8439-F663617DF2DF,2020-04-17,734.7,60,,
supplier_2,27428680-989A-44E0-BEA5-A2622322DD7C,2020-06-03,2738.65,30,,
supplier_2,6CDB9657-D7C2-448C-844A-BE6BD446B465,2020-04-21,689.22,120,,
supplier_2,0F899B1E-E663-4BD1-847E-DEC9037942B5,2020-06-07,1460.80,90,,
supplier_3,D48C4BEF-9EC1-4454-8E22-1163F7AA3A56,2020-05-03,1843.37,60,,
supplier_3,A39D517B-510D-4EC4-A238-5E7124A087DE,2020-03-21,3193.94,30,,
supplier_3,B02D0FDE-571B-4A01-8838-3E7DA51B8966,2020-05-07,185.52,120,,
supplier_3,A63FF946-0A10-4DC0-8DA5-92698D87AA6B,2020-03-25,2704.9,90,,
supplier_3,878740FC-4C73-43C7-8916-22CD2AD2B81F,2020-05-11,3623.66,60,,
supplier_3,8D935573-C9CD-41D6-B161-2B1AE42B74EA,2020-03-28,2157.50,120,,
supplier_1,9406A928-0099-452A-B1FE-1491C493EC18,2020-05-14,80.7,90,,
supplier_2,0B353E02-5F38-4812-A54C-A21F8A8FD892,2020-04-01,4947.64,60,,
supplier_2,32D3A994-40DC-4762-85F0-5825D1AABB64,2020-05-18,4745.22,30,,
supplier_2,B8D8C05D-3027-421C-A3E7-397D28156EBB,2020-04-05,806.79,120,,
supplier_2,F73BBB16-77AF-4EB2-BE73-C2A2EC1E8A27,2020-05-30,8576.36,90,,
supplier_3,D4636E43-D1C7-4F74-8C7C-5AD557321E1E,2020-04-17,1559.94,60,,
supplier_3,88954A17-3D5D-47FB-918F-7ABC646ABE5B,2020-06-03,2554.51,30,,
supplier_3,514BBA24-A5D9-4861-A07E-5A1C2F667FE1,2020-04-21,551.9,120,,
supplier_3,AA50188B-0B03-4DC8-90A6-818A6292D97C,2020-06-07,1990.66,90,,
supplier_3,98B42560-39C5-4426-B46D-3C70DBC8F499,2020-04-25,2841.23,60,,
supplier_3,9B6A654A-8A33-48A2-A6A0-FA02EC97D461,2020-06-11,766.81,60,,
supplier_3,197E1451-EFE7-41E6-BCA1-4C20AA0998A2,2020-04-29,1521.38,30,,
supplier_4,C4B8A8DD-EA0F-49B5-ADE9-F3735DF99421,2020-03-25,2152.95,120,,
supplier_4,67F5A0E1-107F-444E-92E3-1825F38CCEDB,2020-05-10,1673.85,90,,
supplier_4,A57AD004-4312-4F07-BE2B-BD1091262703,2020-03-28,247.42,60,,
supplier_4,234F20A8-DD94-46D6-813E-4B01F0275085,2020-05-14,3014.0,30,,
